id_dep,nome,deputado,partido,UF,tema_1,tema_2,tema_3,tema_4,tema_5,tema_6,tema_7,tema_8,tema_9,tema_10,tema_11,tema_12,tema_13,tema_14,tema_15,tema_16,tema_17,tema_18,tema_19,IMPEACHMENT
178864,AdailCarneiro,Adail Carneiro,phs,CE,sim,sim,sim,sim,nao,nao,sim,sim,sim,sim,sim,sim,nao,sim,nao,sim,nao,sim,nao,sim
178914,AdalbertoCavalcanti,Adalberto Cavalcanti,ptb,PE,sim,sim,sim,sim,sim,sim,sim,sim,nao votou,sim,nao votou,sim,sim,nao votou,nao votou,sim,sim,sim,sim,nao
178890,AdelmoCarneiroLeao,Adelmo Carneiro Leão,pt,MG,nao,sim,sim,nao,nao,nao,nao,nao,nao,nao,nao,sim,sim,sim,sim,sim,nao,nao votou,nao votou,nao
178968,AdelsonBarreto,Adelson Barreto,ptb,SE,sim,nao votou,sim,sim,sim,sim,sim,sim,sim,sim,nao,sim,sim,nao,nao,sim,sim,sim,sim,sim
178903,AdiltonSachetti,Adilton Sachetti,psb,MT,sim,nao,sim,sim,sim,sim,sim,sim,sim,nao,sim,sim,nao,sim,nao,sim,sim,sim,sim,sim
141372,AeltonFreitas,Aelton Freitas,pr,MG,sim,sim,sim,sim,sim,sim,sim,sim,sim,nao,sim,sim,sim,sim,sim,sim,nao,sim,sim,nao
160508,AfonsoFlorence,Afonso Florence,pt,BA,nao,sim,sim,nao,nao,nao,nao,nao,nao,nao,nao,sim,sim,sim,sim,sim,nao,sim,nao,nao
136811,AfonsoHamm,Afonso Hamm,pp,RS,sim,sim,nao,sim,sim,sim,nao,nao,sim,nao,sim,sim,nao,nao,nao,sim,nao,sim,sim,sim
178835,AfonsoMotta,Afonso Motta,pdt,RS,sim,nao,sim,sim,nao,nao,nao,nao,sim,nao,sim,sim,sim,nao,nao,sim,nao,sim,sim,nao
160527,AguinaldoRibeiro,Aguinaldo Ribeiro,pp,PB,sim,sim,sim,nao,nao votou,nao votou,sim,sim,sim,sim,sim,sim,nao,sim,sim,sim,nao,sim,sim,sim
178836,AlanRick,Alan Rick,prb,AC,nao,sim,sim,sim,sim,sim,sim,nao,sim,nao,sim,sim,sim,sim,nao,sim,nao,sim,sim,sim
160582,AlbertoFilho,Alberto Filho,pmdb,MA,sim,sim,sim,sim,sim,sim,sim,sim,nao votou,sim,sim,sim,sim,sim,sim,sim,nao,sim,sim,sim
73579,AlbertoFraga,Alberto Fraga,dem,DF,sim,sim,sim,sim,sim,sim,sim,sim,sim,sim,sim,sim,sim,nao,nao,nao,nao,sim,sim,sim
160559,AlceuMoreira,Alceu Moreira,pmdb,RS,sim,nao,sim,sim,sim,sim,sim,sim,sim,nao,sim,sim,sim,sim,nao,sim,nao,sim,sim,sim
160511,AlessandroMolon,Alessandro Molon,pt,RJ,nao votou,sim,sim,nao,nao,nao,nao,nao,nao,nao,nao,sim,sim,sim,sim,sim,nao,sim,nao,nao
160511,AlessandroMolon,Alessandro Molon,rede,RJ,nao,nao votou,nao votou,nao votou,nao votou,nao votou,nao votou,nao votou,nao votou,nao votou,nao votou,nao votou,nao votou,nao votou,nao votou,nao votou,nao votou,nao votou,nao votou,nao
178875,AlexandreBaldy,Alexandre Baldy,psdb,GO,sim,nao votou,sim,nao votou,sim,sim,nao votou,nao votou,sim,nao votou,sim,nao votou,nao votou,nao,nao,sim,sim,sim,nao,sim
160545,AlexandreLeite,Alexandre Leite,dem,SP,sim,nao votou,nao,sim,sim,sim,sim,sim,sim,sim,sim,sim,nao votou,nao,nao,sim,sim,sim,sim,sim
178833,AlexandreSerfiotis,Alexandre Serfiotis,psd,RJ,nao,sim,nao,sim,sim,sim,sim,sim,sim,nao,nao,sim,nao votou,sim,nao,nao,nao,sim,nao,sim
178936,AlexandreValle,Alexandre Valle,prp,RJ,sim,sim,sim,sim,nao votou,nao votou,sim,sim,sim,nao,sim,sim,sim,sim,nao,sim,sim,sim,nao,sim
73458,AlexCanziani,Alex Canziani,ptb,PR,sim,nao votou,sim,nao votou,nao,nao,sim,sim,sim,nao,sim,nao,sim,sim,sim,nao,nao votou,sim,nao,sim
178972,AlexManente,Alex Manente,pps,SP,sim,sim,sim,sim,sim,sim,nao,nao,sim,nao,sim,sim,sim,nao,nao,nao,sim,sim,nao,sim
141454,AlfredoKaefer,Alfredo Kaefer,psdb,PR,sim,nao votou,sim,sim,sim,sim,sim,sim,sim,nao,sim,sim,nao,nao,nao,sim,nao,sim,nao,sim
178846,AlfredoNascimento,Alfredo Nascimento,pr,AM,sim,sim,sim,sim,nao votou,nao votou,sim,sim,sim,nao,sim,sim,nao votou,sim,sim,nao votou,nao votou,nao votou,nao votou,sim
74057,AlicePortugal,Alice Portugal,pcdob,BA,nao,nao,sim,nao votou,nao,nao votou,nao,nao,nao,sim,nao,sim,sim,nao votou,sim,nao,nao,sim,nao,nao
178927,AlielMachado,Aliel Machado,rede,PR,nao,nao votou,nao votou,nao votou,nao votou,nao votou,nao votou,nao votou,nao votou,nao votou,nao votou,nao votou,nao votou,nao votou,nao votou,nao votou,nao votou,nao votou,nao votou,nao
178927,AlielMachado,Aliel Machado,pcdob,PR,nao votou,sim,sim,nao,nao,nao,nao,nao,nao,sim,nao,sim,sim,sim,nao,nao,nao votou,sim,nao,nao
178937,AltineuCortes,Altineu Côrtes,pr,RJ,sim,sim,nao votou,sim,sim,sim,nao votou,sim,sim,nao,sim,sim,nao votou,sim,nao votou,sim,nao,sim,sim,sim
178881,AluisioMendes,Aluisio Mendes,psdc,MA,sim,sim,sim,nao,sim,sim,sim,nao,sim,nao,sim,sim,nao,sim,sim,nao,nao,nao,sim,nao
178973,AnaPerugini,Ana Perugini,pt,SP,nao,sim,sim,nao,nao,nao,nao,nao,nao,nao,nao,sim,sim,sim,sim,sim,nao,sim,nao,nao
160551,AndersonFerreira,Anderson Ferreira,pr,PE,sim,sim,nao,sim,sim,sim,sim,sim,sim,nao,sim,sim,sim,sim,sim,sim,nao votou,sim,nao,sim
178831,AndreAbdon,André Abdon,prb,AP,sim,sim,sim,sim,sim,sim,sim,nao,sim,nao,sim,sim,nao,sim,sim,nao,nao,sim,nao,sim
178882,AndreFufuca,André Fufuca,pen,MA,sim,nao,sim,sim,sim,sim,sim,sim,sim,sim,sim,sim,sim,sim,sim,sim,nao,sim,sim,sim
160543,AndreMoura,Andre Moura,psc,SE,nao votou,nao votou,nao,sim,sim,sim,sim,sim,sim,sim,nao votou,sim,sim,nao votou,nao,sim,nao votou,sim,sim,sim
178974,AndresSanchez,Andres Sanchez,pt,SP,nao,sim,sim,sim,nao,nao,nao,nao,nao,nao,nao,sim,sim,sim,sim,sim,nao,sim,nao,nao
178837,Angelim,Angelim,pt,AC,nao,nao votou,sim,nao,nao,nao,nao,nao,nao,nao,nao,sim,sim,sim,sim,sim,nao,sim,nao,nao
74212,AnibalGomes,Aníbal Gomes,pmdb,CE,sim,nao votou,sim,sim,sim,sim,sim,sim,nao votou,sim,nao votou,sim,nao,sim,sim,nao votou,nao votou,sim,nao votou,nao votou
160553,AntonioBrito,Antonio Brito,ptb,BA,nao votou,nao votou,sim,sim,nao,nao,sim,sim,sim,sim,sim,sim,nao votou,nao,nao votou,nao,nao,sim,sim,nao
141383,AntonioBulhoes,Antonio Bulhões,prb,SP,sim,sim,sim,sim,sim,sim,sim,nao,nao,nao,sim,sim,nao,sim,sim,nao,nao,sim,nao,sim
160530,AntonioImbassahy,Antonio Imbassahy,psdb,BA,sim,sim,sim,sim,sim,sim,sim,sim,sim,nao,sim,sim,nao,nao,nao,nao,sim,sim,nao,sim
178950,AntonioJacome,Antônio Jácome,pmn,RN,nao,sim,sim,sim,sim,sim,sim,nao,nao votou,nao,sim,sim,nao votou,nao,nao,nao,sim,sim,sim,sim
73433,ArlindoChinaglia,Arlindo Chinaglia,pt,SP,nao,nao votou,sim,nao votou,nao,nao,nao,nao,nao,nao,nao,sim,sim,sim,sim,sim,nao,sim,nao,nao
73434,ArnaldoFariadeSa,Arnaldo Faria de Sá,ptb,SP,sim,sim,sim,sim,sim,sim,sim,sim,nao,sim,sim,sim,sim,nao,nao,nao,sim,sim,nao,sim
160602,ArnaldoJordy,Arnaldo Jordy,pps,PA,sim,nao votou,nao votou,sim,nao,nao,nao,nao,nao,nao,nao,sim,sim,nao,nao,nao,sim,sim,nao,sim
74291,ArnonBezerra,Arnon Bezerra,ptb,CE,sim,nao votou,nao votou,sim,sim,nao,sim,sim,sim,sim,sim,nao,nao votou,sim,sim,nao votou,nao votou,sim,nao votou,nao
160541,ArthurLira,Arthur Lira,pp,AL,sim,nao,sim,nao votou,sim,sim,sim,sim,sim,sim,sim,sim,nao,sim,sim,nao,nao votou,nao votou,nao votou,sim
160600,ArthurOliveiraMaia,Arthur Oliveira Maia,solidaried,BA,sim,nao votou,sim,sim,sim,sim,sim,sim,sim,sim,nao votou,sim,nao votou,nao,nao,nao votou,nao votou,sim,nao votou,sim
178847,ArthurVirgilioBisneto,Arthur Virgílio Bisneto,psdb,AM,sim,sim,sim,sim,sim,sim,sim,sim,sim,sim,sim,sim,sim,nao,nao,sim,nao,sim,nao,sim
159237,AssisCarvalho,Assis Carvalho,pt,PI,sim,sim,sim,nao,nao votou,nao votou,nao,nao,nao,nao,nao,sim,nao votou,sim,sim,sim,nao,nao votou,nao,nao
74378,AssisdoCouto,Assis do Couto,pt,PR,sim,nao,sim,nao votou,nao,nao,nao,nao,nao,nao,nao,sim,sim,sim,nao votou,sim,nao,sim,sim,nao
74090,AtilaLins,Átila Lins,psd,AM,nao votou,sim,sim,sim,sim,sim,sim,nao votou,sim,nao votou,sim,sim,nao,sim,sim,nao votou,nao votou,sim,sim,sim
74459,AtilaLira,Átila Lira,psb,PI,sim,sim,sim,sim,nao,nao,sim,sim,nao,nao,nao,sim,sim,sim,sim,sim,nao,sim,sim,sim
73655,AugustoCarvalho,Augusto Carvalho,solidaried,DF,sim,sim,nao,nao,nao,nao,sim,nao,sim,sim,nao,sim,sim,nao,nao,sim,sim,sim,sim,sim
160665,AugustoCoutinho,Augusto Coutinho,solidaried,PE,sim,nao votou,sim,sim,sim,sim,sim,sim,sim,nao,sim,nao,nao,nao,nao,nao votou,nao votou,sim,nao votou,sim
160512,Aureo,Aureo,solidaried,RJ,sim,sim,sim,sim,nao,nao,sim,sim,sim,nao,nao votou,sim,sim,nao,nao,nao votou,nao votou,sim,nao votou,sim
69871,Bacelar,Bacelar,ptn,BA,sim,sim,sim,sim,nao,nao,sim,nao,nao,nao,sim,sim,nao,sim,sim,nao,nao,sim,nao,nao
178975,BaleiaRossi,Baleia Rossi,pmdb,SP,sim,sim,sim,nao votou,sim,sim,sim,nao,sim,sim,sim,sim,sim,sim,sim,nao,sim,sim,sim,sim
178834,Bebeto,Bebeto,psb,BA,nao votou,nao votou,nao,nao,nao,nao,nao,nao,nao,nao,nao,sim,sim,nao,nao,sim,nao,nao votou,sim,nao
73701,BeneditadaSilva,Benedita da Silva,pt,RJ,nao,sim,sim,nao votou,nao,nao,nao,nao,nao,nao,nao,sim,sim,sim,sim,sim,nao,sim,nao,nao
74535,BenitoGama,Benito Gama,ptb,BA,sim,sim,sim,sim,sim,sim,sim,sim,sim,sim,nao votou,sim,nao,nao,nao,sim,nao,sim,nao,sim
74040,BenjaminMaranhao,Benjamin Maranhão,solidaried,PB,sim,sim,sim,sim,sim,sim,sim,sim,sim,nao,sim,sim,nao votou,nao,nao,nao votou,nao votou,sim,nao votou,sim
178915,BetinhoGomes,Betinho Gomes,psdb,PE,sim,sim,sim,nao votou,nao,nao,sim,sim,sim,nao,sim,sim,sim,nao,nao,sim,sim,sim,nao,sim
141335,BetoFaro,Beto Faro,pt,PA,nao,sim,sim,nao,nao,nao,nao,nao,nao,nao,nao,sim,sim,sim,sim,sim,nao,sim,nao,nao
73437,BetoMansur,Beto Mansur,prb,SP,sim,sim,sim,sim,sim,sim,sim,sim,sim,nao,sim,sim,nao,nao votou,sim,nao votou,nao votou,nao votou,nao votou,sim
178948,BetoRosado,Beto Rosado,pp,RN,sim,sim,sim,nao votou,sim,sim,sim,sim,sim,nao,sim,sim,nao,nao votou,nao,sim,nao,sim,sim,sim
178906,BetoSalame,Beto Salame,pros,PA,nao votou,sim,sim,sim,nao,nao,nao,nao,nao,nao,sim,sim,sim,sim,sim,sim,nao,sim,sim,nao votou
141513,BilacPinto,Bilac Pinto,pr,MG,sim,sim,sim,sim,sim,sim,sim,sim,sim,nao,sim,sim,sim,sim,sim,sim,nao,sim,sim,sim
160538,BohnGass,Bohn Gass,pt,RS,nao,nao votou,sim,nao,nao,nao,nao,nao,nao,nao,nao,sim,sim,sim,sim,sim,nao,sim,nao,nao
74650,BonifaciodeAndrada,Bonifácio de Andrada,psdb,MG,sim,sim,nao,sim,sim,sim,sim,sim,nao votou,sim,sim,sim,sim,nao votou,nao,nao,nao,sim,nao,sim
160589,BrunaFurlan,Bruna Furlan,psdb,SP,sim,nao votou,nao votou,sim,sim,sim,sim,sim,sim,sim,sim,sim,sim,nao votou,nao,sim,nao,sim,nao,sim
178999,Brunny,Brunny,ptc,MG,nao,sim,nao votou,nao,sim,sim,nao votou,nao,nao,nao,nao,nao votou,sim,sim,sim,nao,nao,sim,nao,nao
141394,BrunoAraujo,Bruno Araújo,psdb,PE,sim,sim,sim,sim,sim,sim,sim,sim,nao votou,sim,sim,sim,nao votou,nao votou,nao,sim,nao,sim,nao,sim
178976,BrunoCovas,Bruno Covas,psdb,SP,sim,sim,sim,sim,sim,sim,sim,sim,sim,nao,nao,sim,nao,nao,nao,nao,nao,sim,nao,sim
178938,CaboDaciolo,Cabo Daciolo,s.part.,RJ,nao,nao votou,nao,nao votou,nao,nao,nao,nao votou,nao,nao votou,nao,sim,nao votou,nao,nao,nao,sim,nao votou,nao,sim
178865,CaboSabino,Cabo Sabino,pr,CE,nao,sim,nao votou,sim,sim,sim,sim,nao,nao,nao,nao votou,sim,nao,sim,sim,nao,sim,sim,sim,sim
93083,CacaLeao,Cacá Leão,pp,BA,sim,sim,sim,sim,sim,sim,sim,sim,sim,sim,sim,sim,nao,sim,sim,sim,nao,sim,sim,nao votou
178853,Caetano,Caetano,pt,BA,nao,sim,sim,nao votou,nao,nao,nao,nao,nao,nao,nao,sim,sim,sim,sim,sim,nao,sim,nao,nao
178891,CaioNarcio,Caio Narcio,psdb,MG,sim,sim,nao,sim,sim,sim,sim,sim,sim,nao,sim,sim,nao votou,nao,nao,sim,nao,nao votou,nao,sim
178829,CapitaoAugusto,Capitão Augusto,pr,SP,sim,sim,sim,sim,sim,sim,sim,sim,sim,nao,sim,sim,sim,sim,sim,sim,nao,sim,nao,sim
178958,CarlosAndrade,Carlos Andrade,phs,RR,nao votou,sim,sim,nao votou,sim,sim,sim,sim,sim,sim,sim,nao votou,nao,sim,nao,sim,nao,nao votou,nao,sim
141401,CarlosBezerra,Carlos Bezerra,pmdb,MT,sim,sim,sim,nao votou,nao,nao,sim,sim,nao votou,nao,sim,sim,sim,sim,sim,sim,nao,sim,sim,sim
178962,CarlosGomes,Carlos Gomes,prb,RS,sim,nao,sim,sim,sim,sim,sim,nao,sim,nao,sim,sim,nao,sim,sim,sim,nao,sim,sim,sim
178993,CarlosHenriqueGaguim,Carlos Henrique Gaguim,pmdb,TO,sim,nao,sim,sim,sim,sim,sim,sim,sim,sim,sim,sim,sim,sim,sim,sim,sim,sim,nao,sim
74163,CarlosManato,Carlos Manato,solidaried,ES,sim,sim,sim,sim,sim,sim,sim,sim,sim,sim,sim,sim,nao,nao,nao,sim,nao,sim,sim,sim
178900,CarlosMarun,Carlos Marun,pmdb,MS,nao votou,nao,sim,sim,sim,sim,sim,sim,sim,sim,sim,sim,sim,sim,sim,sim,nao,sim,sim,sim
74651,CarlosMelles,Carlos Melles,dem,MG,sim,nao votou,sim,sim,sim,sim,sim,sim,sim,sim,sim,nao,sim,nao votou,sim,nao,sim,sim,nao,sim
74262,CarlosSampaio,Carlos Sampaio,psdb,SP,nao votou,nao votou,nao votou,sim,sim,sim,sim,sim,nao votou,nao,sim,sim,sim,nao,nao,sim,nao,sim,nao,sim
141398,CarlosZarattini,Carlos Zarattini,pt,SP,sim,sim,sim,nao,nao,nao,nao,nao,nao,nao,nao,sim,nao votou,sim,sim,sim,nao,nao votou,nao,nao
164360,CarmenZanotto,Carmen Zanotto,pps,SC,sim,sim,sim,sim,nao,nao,nao,nao,sim,nao,sim,sim,sim,nao,nao,nao,sim,sim,nao,sim
178876,CelioSilveira,Célio Silveira,psdb,GO,sim,nao,sim,sim,sim,sim,sim,sim,sim,sim,sim,sim,nao votou,nao,nao,sim,nao,sim,nao,sim
141405,CelsoMaldaner,Celso Maldaner,pmdb,SC,sim,nao votou,sim,sim,nao,sim,sim,sim,sim,nao,sim,sim,sim,sim,sim,sim,sim,sim,sim,sim
72912,CelsoPansera,Celso Pansera,pmdb,RJ,nao votou,nao votou,sim,nao votou,nao,nao,sim,sim,sim,sim,nao votou,nao,sim,sim,sim,nao,sim,nao votou,sim,nao
73441,CelsoRussomanno,Celso Russomanno,prb,SP,sim,nao votou,sim,nao votou,sim,sim,sim,nao,nao votou,nao,sim,sim,sim,sim,sim,nao,nao,sim,nao,sim
160576,CesarHalum,César Halum,prb,TO,sim,sim,sim,sim,sim,sim,sim,sim,sim,nao,sim,sim,nao,sim,sim,sim,sim,sim,nao votou,sim
178838,CesarMessias,César Messias,psb,AC,sim,nao votou,nao votou,sim,nao,nao,nao votou,nao,nao votou,nao,nao votou,nao votou,nao,nao,nao,sim,nao,sim,sim,nao
73720,CesarSouza,Cesar Souza,psd,SC,sim,sim,nao,sim,sim,sim,sim,sim,sim,sim,sim,sim,sim,nao votou,sim,sim,sim,nao votou,nao,sim
74171,ChicoAlencar,Chico Alencar,psol,RJ,nao,nao,nao,nao,nao,nao votou,nao votou,nao,nao,nao,nao,sim,sim,nao,nao,sim,nao,sim,nao,nao
141440,ChicoLopes,Chico Lopes,pcdob,CE,nao,nao,sim,nao,nao,nao,nao,nao,nao,sim,nao,sim,sim,sim,sim,nao,nao,sim,nao,nao
178928,ChristianedeSouzaYared,Christiane de Souza Yared,ptn,PR,nao,sim,sim,sim,nao,nao,nao,nao,nao,nao,sim,sim,sim,nao,nao,nao,nao,sim,nao,sim
178841,CiceroAlmeida,Cícero Almeida,psd,AL,sim,nao votou,nao votou,nao votou,nao votou,nao votou,nao votou,nao votou,nao votou,nao votou,nao votou,nao votou,nao votou,nao votou,nao votou,nao votou,nao votou,nao votou,nao votou,sim
178841,CiceroAlmeida,Cícero Almeida,prtb,AL,nao votou,sim,sim,sim,sim,sim,sim,nao,nao votou,sim,sim,sim,sim,nao,nao,sim,nao,sim,sim,sim
178939,ClarissaGarotinho,Clarissa Garotinho,pr,RJ,sim,sim,nao votou,sim,nao,nao,nao,nao,nao,nao,nao,sim,sim,sim,nao,sim,nao,sim,nao,nao votou
74537,ClaudioCajado,Claudio Cajado,dem,BA,nao votou,nao votou,sim,nao votou,sim,sim,sim,sim,nao votou,sim,sim,sim,nao votou,sim,sim,nao votou,sim,nao votou,nao votou,sim
141408,CleberVerde,Cleber Verde,prb,MA,sim,nao votou,sim,nao votou,sim,sim,sim,nao,sim,nao,sim,sim,sim,sim,sim,nao votou,nao votou,sim,nao votou,sim
178963,CovattiFilho,Covatti Filho,pp,RS,sim,nao,nao,sim,sim,sim,sim,sim,sim,sim,sim,sim,sim,sim,nao,sim,nao,sim,sim,sim
93472,CristianeBrasil,Cristiane Brasil,ptb,RJ,nao votou,nao votou,nao votou,sim,sim,sim,sim,sim,nao votou,sim,sim,sim,sim,nao,nao,nao votou,nao votou,nao votou,nao votou,sim
141411,Dagoberto,Dagoberto,pdt,MS,sim,nao,sim,sim,nao,nao,nao,nao,sim,nao,sim,sim,sim,nao,nao,sim,nao,sim,sim,nao
74467,DamiaoFeliciano,Damião Feliciano,pdt,PB,nao,sim,sim,sim,nao,nao,nao,nao,nao,nao,nao,sim,sim,nao,nao,nao votou,nao votou,sim,nao votou,nao
178892,DaminaPereira,Dâmina Pereira,pmn,MG,sim,nao votou,sim,sim,sim,sim,sim,sim,sim,nao,sim,sim,nao votou,sim,sim,sim,nao,nao votou,sim,sim
74060,DanielAlmeida,Daniel Almeida,pcdob,BA,nao,nao,sim,nao,nao,nao,nao,nao,nao,sim,nao,sim,sim,sim,sim,nao,nao,sim,nao,nao
178916,DanielCoelho,Daniel Coelho,psdb,PE,sim,sim,nao,nao votou,sim,sim,sim,nao votou,sim,sim,nao,sim,sim,nao,nao,sim,sim,sim,nao,sim
144523,DanielVilela,Daniel Vilela,pmdb,GO,nao,nao votou,sim,sim,sim,sim,sim,nao,sim,sim,sim,sim,nao,sim,sim,sim,sim,sim,sim,sim
62881,DaniloForte,Danilo Forte,pmdb,CE,nao votou,nao votou,nao,sim,sim,sim,sim,sim,sim,sim,sim,sim,nao,sim,nao,sim,nao,sim,sim,sim
160552,DanrleideDeusHinterholz,Danrlei de Deus Hinterholz,psd,RS,sim,sim,sim,sim,sim,sim,sim,sim,nao,nao,sim,sim,sim,sim,sim,sim,nao,sim,sim,sim
73891,DarcisioPerondi,Darcísio Perondi,pmdb,RS,sim,nao,sim,nao,nao,nao,sim,sim,sim,nao,sim,sim,sim,sim,sim,sim,sim,sim,nao,sim
101309,DavidsonMagalhaes,Davidson Magalhães,pcdob,BA,nao,nao,sim,nao,nao,nao,nao,nao,nao,sim,nao,sim,sim,sim,sim,nao,nao,sim,nao,nao
141413,DecioLima,Décio Lima,pt,SC,nao,sim,nao votou,nao,nao,nao,nao,nao,nao,nao,nao,sim,sim,nao votou,sim,sim,nao votou,sim,nao,nao
178908,DelegadoEderMauro,Delegado Éder Mauro,psd,PA,nao,sim,sim,sim,sim,sim,sim,sim,nao votou,nao,sim,sim,sim,nao,sim,sim,nao,sim,nao,sim
178893,DelegadoEdsonMoreira,Delegado Edson Moreira,ptn,MG,nao,sim,nao,sim,sim,sim,sim,sim,sim,nao,sim,sim,nao,sim,sim,nao,nao,sim,nao,sim
164359,DelegadoWaldir,Delegado Waldir,psdb,GO,sim,sim,sim,sim,sim,sim,sim,sim,sim,sim,sim,sim,sim,nao,nao,nao,sim,sim,sim,sim
74172,Deley,Deley,ptb,RJ,sim,nao votou,sim,sim,nao,nao votou,sim,sim,nao,sim,nao,sim,sim,nao,nao,nao votou,nao votou,sim,nao votou,sim
160588,DiegoAndrade,Diego Andrade,psd,MG,sim,sim,sim,sim,sim,sim,sim,sim,sim,nao,sim,sim,nao votou,sim,sim,nao votou,nao votou,sim,nao votou,sim
178929,DiegoGarcia,Diego Garcia,phs,PR,nao votou,sim,sim,sim,nao,nao,sim,nao,nao,sim,sim,sim,nao,sim,nao,sim,nao,sim,nao,sim
73768,DilceuSperafico,Dilceu Sperafico,pp,PR,sim,sim,sim,sim,sim,sim,sim,sim,sim,sim,sim,sim,sim,sim,sim,sim,nao,sim,sim,sim
160599,DimasFabiano,Dimas Fabiano,pp,MG,sim,sim,sim,sim,sim,sim,sim,sim,sim,sim,sim,sim,nao,sim,nao,sim,sim,sim,sim,sim
143632,DomingosNeto,Domingos Neto,pros,CE,sim,nao votou,sim,sim,nao,nao votou,sim,nao,sim,sim,sim,sim,nao votou,sim,sim,nao votou,nao votou,sim,nao votou,nao
160758,DomingosSavio,Domingos Sávio,psdb,MG,sim,nao votou,nao,sim,sim,sim,sim,sim,sim,nao,sim,sim,nao votou,nao,nao votou,sim,nao,sim,nao,sim
178994,DulceMiranda,Dulce Miranda,pmdb,TO,sim,sim,sim,sim,nao,sim,sim,sim,sim,sim,sim,sim,sim,sim,sim,sim,nao,sim,sim,sim
73447,EdinhoAraujo,Edinho Araújo,pmdb,SP,nao,nao votou,nao votou,nao votou,nao votou,nao votou,nao votou,nao votou,nao votou,nao votou,nao votou,nao votou,nao votou,nao votou,nao votou,nao votou,nao votou,nao votou,nao votou,sim
141417,EdioLopes,Edio Lopes,pmdb,RR,sim,nao votou,sim,sim,sim,sim,sim,sim,sim,sim,sim,sim,nao,sim,sim,sim,nao,sim,sim,nao
134812,EdmilsonRodrigues,Edmilson Rodrigues,psol,PA,nao,nao,nao,nao,nao,nao votou,nao votou,nao,nao,nao,nao,sim,sim,nao,nao,sim,nao,sim,nao,nao
74655,EduardoBarbosa,Eduardo Barbosa,psdb,MG,sim,sim,nao,sim,nao,nao,sim,sim,sim,nao,sim,sim,sim,nao,nao,sim,nao,sim,sim,sim
92346,EduardoBolsonaro,Eduardo Bolsonaro,psc,SP,nao,sim,nao,sim,sim,sim,sim,sim,nao votou,sim,sim,sim,nao,nao,nao,sim,nao votou,sim,sim,sim
178977,EduardoCury,Eduardo Cury,psdb,SP,sim,nao votou,nao,sim,sim,sim,sim,sim,sim,nao,sim,sim,nao votou,nao,nao,nao,sim,sim,nao,sim
141421,EduardodaFonte,Eduardo da Fonte,pp,PE,nao votou,nao votou,nao votou,sim,sim,sim,nao votou,nao votou,sim,nao votou,nao votou,nao votou,sim,sim,sim,nao votou,nao votou,nao votou,nao,sim
141422,EfraimFilho,Efraim Filho,dem,PB,sim,sim,nao votou,nao votou,sim,sim,sim,sim,sim,sim,sim,nao,sim,nao,nao,nao,sim,sim,sim,sim
74075,ElcioneBarbalho,Elcione Barbalho,pmdb,PA,sim,sim,nao votou,nao votou,nao,nao,nao,nao,sim,sim,nao votou,sim,sim,sim,sim,nao votou,nao votou,nao votou,nao votou,nao
160532,EliCorreaFilho,Eli Corrêa Filho,dem,SP,nao votou,nao votou,sim,sim,sim,sim,sim,nao votou,sim,nao votou,sim,sim,sim,nao,nao,nao,sim,sim,nao votou,sim
181316,ElizeuDionizio,Elizeu Dionizio,psdb,MS,sim,nao votou,nao votou,nao votou,nao votou,nao votou,nao votou,nao votou,nao votou,nao votou,nao votou,nao votou,nao votou,nao votou,nao votou,nao votou,nao votou,nao votou,nao votou,sim
181316,ElizeuDionizio,Elizeu Dionizio,solidaried,MS,nao votou,sim,nao,sim,sim,sim,sim,nao,sim,nao,sim,sim,sim,sim,sim,sim,nao,sim,sim,sim
178883,ElizianeGama,Eliziane Gama,pps,MA,nao votou,nao,sim,sim,nao,nao,nao,nao,nao,nao,nao,sim,sim,nao,nao,nao,sim,sim,nao,sim
178883,ElizianeGama,Eliziane Gama,rede,MA,nao,nao votou,nao votou,nao votou,nao votou,nao votou,nao votou,nao votou,nao votou,nao votou,nao votou,nao votou,nao votou,nao votou,nao votou,nao votou,nao votou,nao votou,nao votou,sim
178854,ElmarNascimento,Elmar Nascimento,dem,BA,sim,sim,nao,sim,sim,sim,sim,sim,sim,sim,sim,sim,nao,nao votou,sim,nao,sim,sim,sim,sim
132504,EnioVerri,Enio Verri,pt,PR,sim,sim,sim,nao,nao,nao,nao,nao,nao,nao,nao,sim,sim,sim,sim,sim,nao,sim,nao,nao
160575,ErikaKokay,Erika Kokay,pt,DF,nao,sim,sim,nao,nao,nao,nao,nao,nao,nao,nao,sim,sim,nao votou,nao votou,sim,nao,sim,nao,nao
99654,EriveltonSantana,Erivelton Santana,psc,BA,nao,sim,nao,sim,sim,sim,sim,sim,sim,sim,sim,sim,nao,nao,nao,sim,nao,sim,sim,sim
160640,ErosBiondini,Eros Biondini,ptb,MG,sim,nao votou,sim,sim,nao,sim,sim,sim,nao,sim,sim,sim,sim,nao,nao,sim,nao,sim,sim,sim
160649,EsperidiaoAmin,Esperidião Amin,pp,SC,nao,nao votou,nao,sim,sim,sim,nao,nao,sim,sim,sim,sim,nao,nao,nao,sim,nao,sim,nao,sim
178871,EvairdeMelo,Evair de Melo,pv,ES,nao,sim,nao,sim,nao,sim,nao,sim,sim,nao,sim,sim,sim,sim,nao,sim,sim,sim,sim,sim
178828,EvandroGussi,Evandro Gussi,pv,SP,sim,sim,nao votou,nao,nao,nao,sim,sim,sim,sim,nao,sim,nao votou,nao,nao,sim,nao,sim,nao,sim
178930,EvandroRoman,Evandro Roman,psd,PR,sim,sim,sim,sim,sim,sim,sim,sim,sim,nao,sim,sim,sim,sim,sim,sim,nao,sim,nao,sim
178953,ExpeditoNetto,Expedito Netto,solidaried,RO,nao,sim,sim,sim,nao,sim,sim,sim,sim,nao,sim,sim,nao votou,nao,nao votou,sim,nao,nao votou,sim,sim
178941,EzequielTeixeira,Ezequiel Teixeira,solidaried,RJ,sim,sim,sim,sim,sim,sim,sim,sim,sim,nao votou,sim,sim,nao votou,nao,nao votou,sim,sim,sim,nao,sim
141428,FabioFaria,Fábio Faria,psd,RN,sim,sim,sim,nao votou,sim,sim,sim,sim,sim,nao,sim,sim,sim,sim,sim,sim,nao,sim,sim,sim
178905,FabioGarcia,Fabio Garcia,psb,MT,sim,nao votou,sim,sim,sim,sim,sim,sim,sim,nao,sim,sim,nao,sim,nao,sim,sim,sim,sim,sim
178969,FabioMitidieri,Fábio Mitidieri,psd,SE,nao,sim,nao,sim,sim,sim,sim,sim,sim,nao,sim,sim,nao votou,sim,sim,sim,nao,sim,sim,nao
141427,FabioRamalho,Fábio Ramalho,pv,MG,sim,sim,sim,nao,nao,nao,sim,sim,sim,sim,nao,sim,nao votou,nao votou,sim,sim,nao,sim,sim,sim
171623,FabioReis,Fabio Reis,pmdb,SE,sim,nao votou,sim,sim,sim,sim,sim,sim,sim,sim,sim,sim,nao,sim,nao,sim,sim,sim,sim,sim
178877,FabioSousa,Fábio Sousa,psdb,GO,sim,nao,sim,sim,sim,sim,sim,sim,sim,sim,nao votou,nao,nao votou,nao,nao,nao,sim,sim,nao,sim
66828,FaustoPinato,Fausto Pinato,prb,SP,sim,nao votou,nao,sim,sim,sim,sim,nao,sim,nao,sim,sim,nao,sim,nao,nao,nao,sim,nao,sim
141430,FelipeBornier,Felipe Bornier,psd,RJ,nao votou,sim,nao,sim,sim,sim,sim,sim,nao votou,sim,sim,sim,sim,nao,nao,sim,sim,sim,sim,sim
141429,FelipeMaia,Felipe Maia,dem,RN,sim,sim,nao votou,sim,sim,sim,sim,sim,sim,sim,sim,sim,nao votou,nao,nao,nao,sim,sim,sim,sim
141431,FernandoCoelhoFilho,Fernando Coelho Filho,psb,PE,sim,sim,sim,sim,nao,nao,sim,sim,sim,nao,nao,sim,nao,sim,nao,sim,nao,sim,sim,sim
160646,FernandoFrancischini,Fernando Francischini,solidaried,PR,nao votou,nao votou,sim,sim,sim,sim,sim,sim,nao votou,sim,nao votou,sim,sim,nao votou,nao votou,sim,nao,sim,sim,sim
163831,FernandoJordao,Fernando Jordão,pmdb,RJ,sim,nao votou,sim,sim,sim,sim,sim,sim,sim,sim,sim,sim,sim,sim,sim,sim,sim,sim,sim,sim
160676,FernandoTorres,Fernando Torres,psd,BA,sim,sim,sim,sim,nao,nao,sim,sim,sim,sim,sim,sim,nao,sim,nao votou,nao votou,nao votou,sim,nao votou,nao
160598,FlaviaMorais,Flávia Morais,pdt,GO,nao votou,nao votou,sim,sim,nao,nao,nao,nao,sim,nao,sim,sim,sim,nao,nao,nao votou,nao votou,sim,nao votou,sim
141434,FlavianoMelo,Flaviano Melo,pmdb,AC,nao votou,nao votou,nao votou,sim,sim,sim,sim,sim,sim,sim,sim,sim,nao votou,sim,sim,nao,nao,nao votou,nao,sim
178978,Flavinho,Flavinho,psb,SP,nao,sim,sim,sim,nao,nao,nao,nao,sim,nao,nao,sim,sim,nao,nao,sim,nao,sim,nao,sim
178907,FranciscoChapadinha,Francisco Chapadinha,psd,PA,sim,sim,sim,sim,sim,nao votou,nao votou,nao votou,sim,nao votou,sim,nao votou,sim,nao votou,sim,sim,nao,sim,nao,sim
160677,FranciscoFloriano,Francisco Floriano,pr,RJ,nao,sim,sim,sim,sim,nao votou,sim,sim,sim,nao,sim,sim,nao votou,sim,sim,sim,nao,sim,sim,sim
129037,GabrielGuimaraes,Gabriel Guimarães,pt,MG,sim,nao votou,sim,nao,nao,nao,nao,nao,nao votou,nao,nao,sim,nao votou,sim,sim,sim,nao,nao votou,nao,nao
160669,GeneciasNoronha,Genecias Noronha,solidaried,CE,sim,sim,sim,nao votou,sim,nao votou,sim,sim,sim,sim,nao votou,sim,nao votou,nao,nao,sim,nao,nao votou,sim,sim
178966,GeovaniadeSa,Geovania de Sá,psdb,SC,sim,sim,nao votou,sim,sim,sim,sim,sim,nao,nao,nao votou,sim,sim,nao,nao,sim,nao,sim,sim,sim
74374,GeraldoResende,Geraldo Resende,pmdb,MS,sim,nao,sim,sim,sim,sim,sim,sim,sim,nao,sim,sim,sim,nao votou,sim,sim,nao,sim,sim,sim
74383,Giacobo,Giacobo,pr,PR,nao votou,nao votou,nao votou,nao votou,sim,sim,sim,sim,sim,nao,nao votou,nao votou,nao votou,sim,sim,sim,nao,sim,sim,sim
74270,GilbertoNascimento,Gilberto Nascimento,psc,SP,sim,nao votou,nao,sim,sim,sim,sim,sim,sim,sim,sim,sim,sim,nao,nao,nao votou,nao votou,sim,nao votou,sim
160673,GiovaniCherini,Giovani Cherini,pdt,RS,sim,nao,sim,sim,nao,nao,nao votou,nao,sim,nao,sim,sim,sim,nao,nao,sim,nao,sim,sim,sim
178878,GiuseppeVecci,Giuseppe Vecci,psdb,GO,sim,nao,nao votou,sim,sim,sim,sim,sim,sim,nao votou,sim,sim,sim,nao,nao,sim,nao,sim,nao,sim
74558,GivaldoCarimbao,Givaldo Carimbão,pros,AL,nao votou,nao votou,sim,nao votou,nao,nao,sim,sim,sim,nao,sim,sim,nao,sim,sim,sim,nao votou,sim,nao,nao
178872,GivaldoVieira,Givaldo Vieira,pt,ES,sim,sim,sim,nao,nao,nao,nao,nao,nao,nao,nao,sim,sim,sim,sim,sim,nao,sim,nao,nao
152605,GlauberBraga,Glauber Braga,psb,RJ,nao votou,nao,nao,nao,nao,nao,nao,nao,nao,nao,nao,sim,sim,nao,nao,nao,nao,sim,nao,nao
152605,GlauberBraga,Glauber Braga,psol,RJ,,,,,,,,,,nao votou,nao votou,nao votou,nao votou,nao votou,nao votou,nao votou,nao votou,nao votou,nao votou,nao
74419,GonzagaPatriota,Gonzaga Patriota,psb,PE,nao,nao votou,sim,nao votou,sim,sim,nao,nao,sim,nao,sim,sim,sim,nao,nao,sim,nao,sim,nao,sim
129618,GoretePereira,Gorete Pereira,pr,CE,sim,sim,sim,sim,sim,sim,nao votou,nao votou,sim,nao votou,sim,nao votou,sim,sim,sim,sim,nao votou,sim,sim,nao votou
178980,Goulart,Goulart,psd,SP,sim,sim,nao votou,sim,sim,sim,sim,sim,sim,nao,nao,sim,nao votou,nao votou,sim,sim,nao,sim,sim,sim
160667,GuilhermeMussi,Guilherme Mussi,pp,SP,sim,nao votou,sim,nao votou,sim,sim,sim,sim,sim,sim,sim,sim,sim,sim,sim,sim,nao,sim,nao votou,sim
178964,HeitorSchuch,Heitor Schuch,psb,RS,nao,nao votou,sim,sim,nao,nao,nao,nao,nao,nao,nao,sim,sim,nao,nao,sim,nao,sim,sim,sim
178873,HelderSalomao,Helder Salomão,pt,ES,nao,nao votou,sim,nao,nao,nao,nao,nao,nao,nao,nao,sim,sim,sim,sim,sim,nao,sim,nao,nao
178909,HelioLeite,Hélio Leite,dem,PA,sim,sim,sim,sim,sim,sim,sim,sim,sim,nao,sim,nao,nao,nao,nao,nao,sim,nao votou,nao,sim
73482,HenriqueFontana,Henrique Fontana,pt,RS,nao votou,sim,sim,nao,nao,nao,nao,nao,nao,nao,nao,sim,sim,sim,sim,sim,nao,sim,nao,nao
97707,HeraclitoFortes,Heráclito Fortes,psb,PI,sim,sim,sim,sim,nao votou,sim,sim,sim,sim,sim,nao,sim,nao votou,nao votou,nao,sim,nao,nao votou,nao votou,sim
178981,HerculanoPassos,Herculano Passos,psd,SP,sim,sim,sim,sim,sim,sim,sim,sim,sim,nao,sim,sim,nao votou,sim,sim,sim,nao,sim,nao,sim
73772,HermesParcianello,Hermes Parcianello,pmdb,PR,sim,sim,nao,sim,sim,sim,sim,sim,nao,sim,sim,sim,sim,nao,nao,sim,sim,sim,sim,sim
160596,HeulerCruvinel,Heuler Cruvinel,psd,GO,sim,nao,nao,sim,sim,sim,nao votou,nao votou,sim,nao votou,sim,nao votou,nao,sim,nao,sim,nao,sim,nao,sim
178884,HildoRocha,Hildo Rocha,pmdb,MA,sim,nao,sim,sim,sim,sim,sim,sim,sim,sim,sim,sim,sim,nao votou,sim,nao,sim,nao,sim,sim
178849,HissaAbrahao,Hissa Abrahão,pps,AM,sim,sim,sim,nao votou,nao,nao,nao,nao,sim,nao,sim,sim,sim,nao votou,nao,nao,sim,sim,nao,sim
141450,HugoLeal,Hugo Leal,pros,RJ,sim,nao votou,sim,sim,nao,nao,sim,sim,sim,sim,nao votou,sim,sim,sim,sim,nao votou,nao votou,nao votou,nao votou,sim
160674,HugoMotta,Hugo Motta,pmdb,PB,sim,nao votou,sim,sim,sim,sim,sim,sim,sim,sim,sim,sim,nao votou,nao votou,sim,sim,nao,nao votou,sim,sim
141389,IndiodaCosta,Indio da Costa,psd,RJ,nao votou,sim,sim,sim,sim,sim,sim,sim,nao votou,nao,sim,sim,nao votou,nao votou,sim,nao,sim,sim,nao,sim
67138,IracemaPortella,Iracema Portella,pp,PI,sim,sim,sim,sim,nao votou,sim,sim,sim,sim,sim,sim,sim,sim,sim,sim,sim,nao votou,sim,sim,sim
81232,IrajaAbreu,Irajá Abreu,psd,TO,sim,nao votou,nao votou,sim,sim,sim,nao votou,nao votou,sim,nao votou,sim,nao votou,sim,sim,sim,nao votou,nao votou,sim,nao votou,nao
178855,IrmaoLazaro,Irmão Lazaro,psc,BA,nao votou,nao votou,sim,sim,nao votou,sim,nao,sim,sim,nao,sim,sim,sim,nao,nao,nao,sim,sim,sim,sim
73531,IvanValente,Ivan Valente,psol,SP,nao,nao,nao,nao,nao,nao votou,nao votou,nao,nao,nao,nao,sim,sim,nao,nao,sim,nao,sim,nao,nao
4931,Izalci,Izalci,psdb,DF,sim,sim,sim,sim,sim,sim,sim,sim,sim,nao,sim,sim,nao,nao,nao,sim,nao,sim,nao,sim
74665,JaimeMartins,Jaime Martins,psd,MG,sim,nao votou,sim,sim,sim,sim,sim,sim,sim,sim,sim,sim,nao votou,sim,sim,sim,sim,nao votou,sim,sim
74847,JairBolsonaro,Jair Bolsonaro,pp,RJ,nao,sim,nao,sim,sim,sim,sim,sim,nao votou,sim,sim,sim,nao,nao,nao,sim,nao,sim,sim,sim
74848,JandiraFeghali,Jandira Feghali,pcdob,RJ,nao,nao,sim,nao,nao,nao,nao,nao,nao,sim,nao,sim,sim,sim,sim,nao,nao,sim,nao,nao
73926,JaneteCapiberibe,Janete Capiberibe,psb,AP,nao,nao votou,nao votou,nao votou,nao,nao,nao,nao,nao,nao,nao votou,sim,sim,nao votou,nao votou,sim,nao,sim,sim,nao
131943,JarbasVasconcelos,Jarbas Vasconcelos,pmdb,PE,nao,sim,nao votou,sim,nao,nao,sim,sim,sim,nao,sim,sim,nao,nao,nao,sim,sim,sim,nao,sim
160672,JeanWyllys,Jean Wyllys,psol,RJ,nao,nao,nao,nao,nao,nao votou,nao votou,nao,nao,nao,nao,sim,sim,nao,nao,sim,nao,sim,nao,nao
74273,JeffersonCampos,Jefferson Campos,psd,SP,sim,nao votou,nao votou,sim,sim,sim,sim,sim,sim,sim,sim,sim,nao votou,nao,nao,sim,nao,sim,sim,sim
160570,JeronimoGoergen,Jerônimo Goergen,pp,RS,sim,nao,sim,sim,sim,sim,sim,sim,sim,nao,sim,sim,sim,nao,nao,nao votou,nao votou,sim,nao votou,sim
178839,JessicaSales,Jéssica Sales,pmdb,AC,sim,nao votou,nao votou,sim,sim,sim,nao votou,nao votou,nao votou,nao votou,sim,nao votou,nao votou,sim,sim,sim,nao,nao votou,sim,sim
178842,JHC,JHC,solidaried,AL,nao votou,sim,sim,sim,nao,sim,nao,nao,nao votou,nao,sim,sim,sim,nao,nao,nao,sim,sim,sim,sim
178842,JHC,JHC,psb,AL,nao,nao votou,nao votou,nao votou,nao votou,nao votou,nao votou,nao votou,nao votou,nao votou,nao votou,nao votou,nao votou,nao votou,nao votou,nao votou,nao votou,nao votou,nao votou,sim
160531,JhonatandeJesus,Jhonatan de Jesus,prb,RR,nao,sim,sim,sim,sim,sim,sim,nao,sim,nao,sim,sim,nao votou,nao votou,nao,nao,nao,nao votou,sim,sim
160573,JoaoArruda,João Arruda,pmdb,PR,nao,nao votou,sim,nao,nao,nao,sim,nao,nao,sim,sim,sim,nao,nao votou,nao,sim,sim,sim,nao,sim
74366,JoaoCampos,João Campos,psdb,GO,sim,sim,sim,sim,sim,sim,sim,sim,sim,nao,sim,sim,nao votou,nao,nao,sim,sim,sim,nao,sim
141458,JoaoCarlosBacelar,João Carlos Bacelar,pr,BA,sim,nao votou,nao votou,nao votou,sim,nao votou,sim,sim,nao,nao,sim,sim,nao,sim,sim,sim,nao,sim,nao votou,nao
74445,JoaoCastelo,João Castelo,psdb,MA,sim,sim,nao,sim,sim,sim,sim,sim,sim,sim,sim,sim,sim,nao,nao,sim,nao,sim,nao,sim
178970,JoaoDaniel,João Daniel,pt,SE,nao,sim,sim,nao,nao,nao,nao,nao,nao,nao,nao,sim,sim,sim,sim,sim,nao,sim,nao,nao
178965,JoaoDerly,João Derly,rede,RS,nao,nao votou,nao votou,nao votou,nao votou,nao votou,nao votou,nao votou,nao votou,nao votou,nao votou,nao votou,nao votou,nao votou,nao votou,nao votou,nao votou,nao votou,nao votou,sim
178965,JoaoDerly,João Derly,pcdob,RS,nao votou,nao,sim,nao votou,nao,nao,nao,nao,nao,sim,nao,sim,sim,sim,nao,nao,nao,sim,nao votou,sim
178917,JoaoFernandoCoutinho,João Fernando Coutinho,psb,PE,nao,sim,nao,nao votou,nao,nao,sim,nao,sim,nao,nao,sim,sim,sim,nao,sim,nao,sim,sim,sim
178856,JoaoGualberto,João Gualberto,psdb,BA,nao votou,sim,sim,sim,sim,sim,sim,sim,sim,sim,nao votou,nao votou,nao votou,nao,nao,sim,nao,sim,sim,sim
112437,JoaoMarceloSouza,João Marcelo Souza,pmdb,MA,sim,sim,sim,nao votou,nao,nao,sim,sim,sim,sim,sim,sim,nao votou,sim,sim,nao votou,nao votou,nao votou,nao votou,nao
178988,JoaoPauloPapa,João Paulo Papa,psdb,SP,sim,sim,sim,sim,nao,sim,sim,sim,sim,nao,nao votou,sim,sim,nao,nao,nao,nao,sim,nao,sim
160571,JoaoRodrigues,João Rodrigues,psd,SC,sim,sim,nao,sim,sim,sim,sim,sim,sim,sim,sim,sim,nao,nao,nao,sim,nao,sim,nao,sim
178910,JoaquimPassarinho,Joaquim Passarinho,psd,PA,nao votou,sim,sim,sim,sim,sim,sim,sim,sim,nao,sim,sim,sim,nao,sim,sim,nao,sim,nao,sim
141503,JoMoraes,Jô Moraes,pcdob,MG,nao,nao votou,sim,nao,nao,nao,nao,nao,nao,sim,nao,sim,nao votou,sim,sim,nao,nao,nao votou,nao,nao
178971,JonyMarcos,Jony Marcos,prb,SE,sim,nao votou,nao votou,nao,sim,sim,sim,nao,nao,nao,nao,sim,sim,sim,sim,nao,sim,sim,nao,sim
74388,JorgeBoeira,Jorge Boeira,pp,SC,nao votou,nao votou,nao votou,nao votou,sim,sim,nao,nao,nao,nao,sim,sim,nao votou,nao,nao,nao,sim,nao votou,nao,sim
160572,JorgeCorteReal,Jorge Côrte Real,ptb,PE,sim,sim,nao votou,sim,sim,sim,sim,sim,sim,sim,sim,sim,sim,sim,sim,sim,nao,sim,sim,sim
178857,JorgeSolla,Jorge Solla,pt,BA,nao,nao votou,sim,nao votou,nao,nao,nao,nao,nao,nao,nao,sim,sim,sim,sim,sim,nao,sim,sim,nao
73535,JorgeTadeuMudalen,Jorge Tadeu Mudalen,dem,SP,sim,sim,sim,sim,sim,sim,sim,nao,sim,sim,sim,sim,nao votou,nao,nao,nao,sim,sim,nao,sim
160509,JorginhoMello,Jorginho Mello,pr,SC,sim,nao votou,sim,nao votou,sim,sim,nao votou,sim,sim,nao,sim,nao votou,sim,sim,sim,nao votou,nao votou,sim,nao votou,sim
141464,JoseAirtonCirilo,José Airton Cirilo,pt,CE,sim,sim,nao votou,nao,nao,nao,nao,nao,nao,nao,nao,sim,sim,sim,sim,sim,nao,sim,nao,nao
74553,JoseCarlosAleluia,José Carlos Aleluia,dem,BA,sim,sim,sim,nao,sim,sim,sim,sim,sim,nao,sim,nao,nao votou,sim,sim,nao,sim,sim,nao,sim
74140,JoseCarlosAraujo,José Carlos Araújo,psd,BA,sim,nao votou,nao,sim,sim,sim,sim,sim,sim,nao,sim,sim,sim,sim,nao votou,sim,nao,sim,sim,nao
141470,JoseGuimaraes,José Guimarães,pt,CE,sim,nao votou,sim,nao,nao,nao,nao,nao,nao,nao,sim,sim,nao votou,sim,sim,sim,nao,sim,nao,nao
74275,JoseMentor,José Mentor,pt,SP,nao votou,nao votou,sim,nao,nao,nao,nao,nao,nao,nao,nao,sim,sim,sim,sim,sim,nao,sim,nao,nao
160619,JoseNunes,José Nunes,psd,BA,sim,sim,sim,nao votou,sim,sim,nao,nao,sim,sim,sim,sim,sim,sim,sim,sim,sim,sim,sim,nao
74395,JoseOtavioGermano,José Otávio Germano,pp,RS,sim,nao votou,nao,sim,sim,sim,nao,nao votou,sim,sim,sim,nao votou,sim,nao,nao,nao votou,nao votou,sim,nao votou,sim
74079,JosePriante,José Priante,pmdb,PA,nao votou,nao votou,sim,sim,nao votou,nao votou,nao votou,nao votou,nao votou,sim,nao votou,nao votou,sim,sim,sim,sim,nao,nao votou,nao,sim
73714,JoseReinaldo,José Reinaldo,psb,MA,sim,nao,sim,nao votou,sim,sim,sim,sim,sim,sim,nao votou,sim,nao,sim,sim,sim,nao,sim,sim,sim
74554,JoseRocha,José Rocha,pr,BA,sim,nao votou,sim,sim,sim,sim,sim,sim,sim,nao,sim,sim,sim,sim,sim,nao votou,nao votou,sim,nao votou,nao
160607,JoseStedile,Jose Stédile,psb,RS,nao,nao votou,nao,sim,nao,nao,nao,nao,nao,nao,nao,sim,sim,nao,nao,sim,nao,sim,sim,sim
114941,JosiNunes,Josi Nunes,pmdb,TO,sim,sim,sim,sim,nao,nao,sim,sim,sim,sim,sim,sim,sim,sim,nao,sim,nao,sim,sim,sim
74351,JosueBengtson,Josué Bengtson,ptb,PA,sim,sim,sim,sim,sim,sim,sim,sim,sim,sim,sim,sim,nao,nao,nao,sim,sim,sim,sim,sim
73666,JovairArantes,Jovair Arantes,ptb,GO,sim,nao votou,sim,sim,sim,sim,sim,sim,sim,sim,sim,nao,nao votou,sim,sim,sim,nao,sim,sim,sim
178851,JoziAraujo,Jozi Araújo,ptb,AP,sim,nao votou,nao votou,nao votou,nao votou,nao votou,nao votou,nao votou,nao votou,nao votou,nao votou,nao votou,nao votou,nao votou,nao votou,nao votou,nao votou,nao votou,nao votou,nao
67312,JuliaMarinho,Júlia Marinho,psc,PA,sim,sim,nao,sim,sim,sim,sim,nao votou,sim,nao votou,sim,sim,sim,nao,nao,sim,sim,sim,sim,sim
74317,JulioCesar,Júlio Cesar,psd,PI,sim,sim,sim,sim,sim,sim,sim,sim,sim,sim,sim,sim,nao votou,sim,sim,sim,nao,sim,sim,sim
73586,JulioDelgado,Júlio Delgado,psb,MG,nao,sim,sim,sim,nao,nao votou,nao,sim,sim,nao,nao,sim,sim,nao,nao votou,sim,nao,sim,sim,sim
74253,JulioLopes,Julio Lopes,pp,RJ,sim,nao votou,nao votou,sim,sim,sim,sim,sim,sim,sim,sim,sim,nao votou,sim,sim,sim,nao,sim,nao,sim
178885,JuniorMarreca,Junior Marreca,pen,MA,sim,nao votou,sim,nao,sim,sim,sim,sim,sim,sim,nao votou,nao votou,nao votou,nao,nao votou,sim,sim,nao votou,sim,nao
178886,JuscelinoFilho,Juscelino Filho,prp,MA,sim,sim,sim,sim,sim,sim,sim,sim,sim,sim,sim,sim,nao,sim,sim,sim,nao,nao,sim,sim
74570,JutahyJunior,Jutahy Junior,psdb,BA,sim,sim,sim,sim,sim,sim,sim,sim,nao votou,sim,nao votou,sim,nao,nao votou,nao votou,nao,nao,nao,nao,sim
160659,KeikoOta,Keiko Ota,psb,SP,nao votou,nao votou,nao,sim,sim,sim,sim,sim,sim,nao,nao,sim,sim,sim,sim,sim,nao,sim,sim,sim
151208,LaercioOliveira,Laercio Oliveira,solidaried,SE,sim,sim,sim,sim,sim,nao votou,nao votou,sim,sim,sim,sim,sim,sim,nao,nao,nao votou,nao votou,sim,nao votou,sim
141478,LaerteBessa,Laerte Bessa,pr,DF,nao,sim,sim,nao votou,sim,sim,sim,sim,nao votou,nao,sim,sim,nao,sim,sim,sim,nao votou,sim,sim,sim
178894,LaudivioCarvalho,Laudivio Carvalho,pmdb,MG,sim,sim,sim,sim,sim,sim,sim,sim,sim,sim,sim,sim,nao,sim,nao,sim,sim,sim,sim,sim
141480,LazaroBotelho,Lázaro Botelho,pp,TO,sim,nao votou,sim,sim,sim,sim,sim,sim,sim,sim,sim,sim,sim,sim,sim,sim,nao votou,sim,sim,sim
178832,Leandre,Leandre,pv,PR,sim,sim,sim,sim,sim,sim,nao,nao,sim,nao,nao,sim,sim,nao,nao,sim,sim,sim,sim,sim
141562,LeloCoimbra,Lelo Coimbra,pmdb,ES,nao,nao,sim,sim,nao,nao,sim,nao,sim,nao,nao votou,sim,sim,sim,nao,sim,sim,sim,sim,sim
178825,LeodeBrito,Leo de Brito,pt,AC,nao,nao votou,sim,nao,nao,nao,nao,nao,nao,nao,nao,nao,sim,sim,sim,sim,nao,sim,nao,nao
74156,LeonardoMonteiro,Leonardo Monteiro,pt,MG,nao,sim,nao votou,nao,nao,nao,nao,nao,nao,nao,nao,sim,sim,sim,sim,sim,nao,sim,nao,nao
74254,LeonardoPicciani,Leonardo Picciani,pmdb,RJ,nao votou,nao votou,sim,sim,sim,sim,sim,sim,sim,sim,sim,sim,sim,sim,sim,nao,sim,nao votou,sim,nao
141482,LeonardoQuintao,Leonardo Quintão,pmdb,MG,sim,nao votou,sim,sim,sim,sim,sim,sim,sim,sim,nao votou,sim,sim,sim,sim,sim,nao,sim,sim,sim
74299,LeonidasCristino,Leônidas Cristino,pros,CE,sim,sim,sim,sim,nao,nao,sim,nao,sim,nao,sim,sim,nao,sim,sim,sim,nao,sim,sim,nao
160663,LeopoldoMeyer,Leopoldo Meyer,psb,PR,sim,nao votou,sim,sim,nao,nao,nao,nao,sim,nao,nao,sim,sim,nao,nao,sim,nao,sim,nao votou,sim
74585,LincolnPortela,Lincoln Portela,pr,MG,nao votou,sim,sim,sim,sim,sim,sim,nao,nao,nao,nao,sim,sim,sim,nao votou,nao votou,nao votou,sim,nao votou,sim
178879,LucasVergilio,Lucas Vergilio,solidaried,GO,sim,sim,sim,sim,sim,sim,sim,sim,sim,sim,sim,sim,sim,nao,nao,sim,sim,sim,sim,sim
160628,LucianaSantos,Luciana Santos,pcdob,PE,nao,nao votou,sim,nao,nao,nao,nao,nao,nao,sim,nao,sim,sim,sim,sim,nao,nao,sim,nao,nao
178931,LucianoDucci,Luciano Ducci,psb,PR,nao,nao votou,sim,sim,sim,sim,sim,sim,sim,nao,sim,sim,sim,nao,nao,sim,nao,sim,sim,sim
178954,LucioMosquini,Lucio Mosquini,pmdb,RO,sim,nao votou,sim,sim,sim,sim,sim,sim,nao,sim,sim,sim,sim,sim,sim,sim,sim,sim,sim,sim
141484,LucioVale,Lúcio Vale,pr,PA,nao,sim,sim,sim,sim,sim,sim,sim,nao votou,nao,sim,sim,nao,sim,sim,sim,nao,sim,nao,nao
94931,LucioVieiraLima,Lucio Vieira Lima,pmdb,BA,nao votou,sim,nao votou,sim,sim,sim,sim,sim,sim,sim,sim,sim,nao votou,sim,sim,nao votou,nao votou,nao votou,nao votou,sim
73483,LuisCarlosHeinze,Luis Carlos Heinze,pp,RS,sim,sim,nao,sim,sim,sim,sim,sim,sim,sim,sim,sim,sim,nao,nao,sim,nao,sim,nao,sim
160510,LuisTibe,Luis Tibé,ptdob,MG,nao votou,sim,sim,sim,sim,sim,sim,nao,sim,nao,sim,sim,sim,sim,sim,nao,nao,sim,nao,sim
74784,LuizaErundina,Luiza Erundina,psb,SP,nao,nao votou,nao,nao,nao,nao,nao votou,nao votou,nao,nao votou,nao votou,nao votou,nao votou,nao votou,nao votou,nao votou,nao votou,nao votou,nao votou,nao
141485,LuizCarlosBusato,Luiz Carlos Busato,ptb,RS,sim,nao votou,sim,sim,nao,nao,sim,sim,sim,sim,nao votou,sim,sim,sim,sim,nao votou,nao votou,nao votou,nao votou,sim
73778,LuizCarlosHauly,Luiz Carlos Hauly,psdb,PR,nao votou,nao votou,sim,nao votou,sim,sim,sim,sim,sim,nao,sim,sim,sim,nao,nao,nao,nao,sim,nao,sim
178802,LuizCarlosRamos,Luiz Carlos Ramos,psdc,RJ,sim,sim,sim,sim,sim,sim,sim,sim,sim,sim,sim,sim,sim,sim,nao,nao,sim,sim,nao,sim
178955,LuizClaudio,Luiz Cláudio,pr,RO,sim,sim,nao votou,sim,sim,sim,sim,sim,sim,nao,sim,sim,sim,sim,sim,sim,nao,sim,nao votou,sim
74041,LuizCouto,Luiz Couto,pt,PB,nao,sim,nao,nao,nao,nao,nao,nao,nao,nao,nao,sim,sim,sim,sim,sim,nao,sim,nao,nao
141487,LuizFernandoFaria,Luiz Fernando Faria,pp,MG,sim,nao votou,sim,nao votou,sim,sim,sim,nao votou,sim,sim,sim,nao votou,sim,sim,sim,sim,nao,sim,sim,sim
178866,LuizianneLins,Luizianne Lins,pt,CE,nao,sim,sim,nao votou,nao,nao,nao,nao,nao,nao,nao,sim,sim,nao votou,nao votou,sim,nao,sim,nao,nao
178982,LuizLauroFilho,Luiz Lauro Filho,psb,SP,nao,sim,sim,sim,sim,sim,sim,sim,sim,nao,nao,sim,nao,nao votou,sim,sim,nao,sim,nao,sim
162332,LuizNishimori,Luiz Nishimori,pr,PR,sim,sim,sim,sim,sim,sim,sim,sim,sim,nao,sim,sim,sim,sim,sim,sim,nao,sim,sim,sim
74688,LuizSergio,Luiz Sérgio,pt,RJ,nao votou,sim,sim,nao,nao,nao,nao,nao,nao,nao,sim,sim,sim,nao votou,sim,sim,nao,nao votou,nao,nao
178867,Macedo,Macedo,psl,CE,sim,sim,sim,nao votou,nao votou,nao votou,sim,nao,nao,sim,sim,sim,sim,sim,sim,sim,nao,sim,sim,nao
166402,MagdaMofatto,Magda Mofatto,pr,GO,nao votou,nao votou,sim,sim,sim,sim,sim,sim,sim,nao,sim,sim,nao,sim,sim,sim,nao,sim,sim,sim
178826,MajorOlimpio,Major Olimpio,pdt,SP,sim,sim,nao,sim,sim,sim,nao,nao,sim,nao,nao,sim,nao votou,nao votou,nao,sim,nao,sim,sim,sim
160633,Mandetta,Mandetta,dem,MS,sim,sim,sim,sim,nao,sim,sim,nao,sim,nao,sim,sim,sim,nao,nao,nao,sim,sim,sim,sim
141490,ManoelJunior,Manoel Junior,pmdb,PB,nao votou,nao votou,sim,sim,sim,sim,sim,sim,sim,sim,sim,sim,nao votou,sim,sim,sim,sim,sim,nao votou,sim
160565,MaraGabrilli,Mara Gabrilli,psdb,SP,sim,nao votou,sim,nao votou,nao,sim,sim,nao votou,nao,nao,sim,sim,nao votou,nao,nao,nao votou,nao votou,nao votou,nao votou,sim
179000,MarceloAlvaroAntonio,Marcelo Álvaro Antônio,prp,MG,sim,sim,sim,sim,sim,sim,sim,nao,sim,sim,sim,sim,sim,sim,nao,nao,nao,sim,nao,sim
146788,MarceloAro,Marcelo Aro,phs,MG,nao votou,nao votou,sim,sim,sim,sim,sim,sim,sim,sim,nao votou,sim,nao,sim,nao,sim,nao,sim,nao,sim
178932,MarceloBelinati,Marcelo Belinati,pp,PR,sim,sim,nao,sim,sim,sim,nao,nao,nao,sim,nao,sim,nao,nao,nao,nao,sim,sim,nao,sim
74460,MarceloCastro,Marcelo Castro,pmdb,PI,nao votou,nao votou,sim,sim,sim,nao votou,nao,nao,sim,nao,sim,sim,nao votou,sim,sim,sim,nao,nao votou,sim,nao
76287,MarceloMatos,Marcelo Matos,pdt,RJ,nao,nao,sim,sim,nao votou,sim,nao,nao,nao,nao,nao,sim,sim,nao,nao,sim,nao,sim,sim,sim
118594,MarceloSquassoni,Marcelo Squassoni,prb,SP,sim,sim,sim,sim,sim,sim,sim,nao,sim,nao,sim,sim,nao votou,sim,nao,sim,sim,sim,nao,sim
178983,MarcioAlvino,Marcio Alvino,pr,SP,sim,nao votou,sim,sim,sim,sim,sim,sim,sim,nao,sim,sim,nao votou,sim,sim,sim,nao,sim,sim,sim
150418,MarcioMarinho,Márcio Marinho,prb,BA,sim,sim,sim,sim,sim,sim,sim,nao,nao,nao,sim,sim,nao votou,sim,nao,nao,nao,sim,nao,sim
133373,MarcoMaia,Marco Maia,pt,RS,nao,sim,sim,nao,nao,nao,nao,nao,nao,nao,nao,sim,sim,sim,sim,sim,nao,sim,nao,nao
160535,Marcon,Marcon,pt,RS,nao,sim,nao,nao,nao,nao,nao,nao,nao,nao,nao,sim,sim,nao votou,nao votou,sim,nao,sim,nao,nao
178880,MarcosAbrao,Marcos Abrão,pps,GO,sim,nao,sim,sim,nao,sim,nao,nao,sim,nao,sim,sim,sim,nao,nao,nao,sim,sim,nao,sim
141500,MarcosMontes,Marcos Montes,psd,MG,sim,sim,sim,sim,sim,sim,sim,sim,sim,sim,sim,sim,nao,sim,sim,sim,sim,sim,nao,sim
178852,MarcosReategui,Marcos Reategui,psc,AP,nao,nao votou,sim,nao votou,nao,sim,sim,nao,nao,nao,nao,sim,nao votou,nao,nao votou,sim,sim,sim,sim,sim
167722,MarcosRogerio,Marcos Rogério,pdt,RO,nao,nao votou,nao votou,sim,sim,sim,nao,nao,nao,nao votou,sim,sim,nao votou,nao,nao,sim,sim,sim,nao,sim
178850,MarcosRotta,Marcos Rotta,pmdb,AM,sim,nao votou,sim,sim,sim,sim,sim,sim,sim,sim,sim,sim,sim,nao,nao,sim,sim,sim,sim,sim
178943,MarcosSoares,Marcos Soares,pr,RJ,sim,nao votou,nao votou,sim,sim,sim,nao votou,nao votou,nao votou,nao votou,nao votou,sim,nao,sim,nao,sim,sim,sim,sim,sim
160536,MarcoTebaldi,Marco Tebaldi,psdb,SC,sim,nao votou,nao votou,sim,sim,sim,sim,sim,sim,nao,sim,sim,sim,nao,nao,sim,nao,sim,sim,sim
159238,MarcusPestana,Marcus Pestana,psdb,MG,sim,sim,nao,sim,sim,sim,sim,sim,sim,nao,sim,sim,nao votou,nao,nao,sim,nao,sim,nao,sim
74235,MarcusVicente,Marcus Vicente,pp,ES,sim,sim,nao,sim,sim,sim,sim,sim,sim,sim,sim,sim,nao,sim,nao,nao votou,nao,sim,nao votou,sim
171619,MargaridaSalomao,Margarida Salomão,pt,MG,nao votou,sim,sim,nao,nao,nao,nao,nao,nao,nao,nao,sim,sim,sim,sim,sim,nao,sim,nao,nao
74398,MariadoRosario,Maria do Rosário,pt,RS,nao,sim,sim,nao votou,nao,nao,nao,nao,nao,nao,nao,nao,sim,sim,sim,sim,nao,sim,nao,nao
64960,MariaHelena,Maria Helena,psb,RR,nao,nao votou,nao votou,sim,nao,nao,sim,sim,nao,nao,nao,sim,sim,nao,nao,sim,nao,sim,sim,sim
178956,MarianaCarvalho,Mariana Carvalho,psdb,RO,sim,sim,sim,sim,sim,sim,nao votou,nao votou,sim,nao votou,sim,nao votou,sim,nao,nao,sim,sim,sim,nao,sim
178919,MarinaldoRosendo,Marinaldo Rosendo,psb,PE,nao,nao votou,sim,sim,sim,sim,nao,nao,sim,sim,nao votou,sim,sim,sim,nao,sim,nao,sim,sim,sim
74177,MarinhaRaupp,Marinha Raupp,pmdb,RO,nao votou,nao votou,sim,sim,nao,nao,sim,nao,nao,nao,nao votou,sim,sim,sim,nao votou,sim,nao,sim,sim,sim
74158,MarioHeringer,Mário Heringer,pdt,MG,sim,nao votou,sim,sim,nao,nao,nao votou,nao votou,sim,nao votou,sim,nao votou,sim,nao,nao,sim,nao,sim,sim,sim
178843,MarxBeltrao,Marx Beltrão,pmdb,AL,sim,nao votou,sim,sim,sim,sim,sim,sim,sim,sim,sim,nao,nao votou,nao,sim,sim,sim,sim,sim,sim
74050,MauricioQuintellaLessa,Maurício Quintella Lessa,pr,AL,nao votou,nao votou,sim,sim,sim,sim,sim,sim,sim,nao,nao votou,sim,nao votou,sim,sim,sim,nao,sim,sim,sim
74749,MauroLopes,Mauro Lopes,pmdb,MG,sim,sim,sim,sim,sim,nao votou,sim,sim,sim,sim,sim,sim,nao,sim,sim,nao votou,nao votou,sim,nao votou,sim
141507,MauroMariani,Mauro Mariani,pmdb,SC,sim,sim,nao,sim,sim,sim,sim,sim,sim,nao,sim,sim,sim,sim,sim,sim,sim,sim,nao,sim
124411,MauroPereira,Mauro Pereira,pmdb,RS,sim,nao,sim,sim,sim,sim,sim,sim,sim,nao,sim,sim,sim,sim,nao,sim,nao,sim,sim,sim
178827,MaxFilho,Max Filho,psdb,ES,sim,nao votou,nao,sim,nao,nao,nao,nao,nao votou,nao votou,sim,sim,sim,nao,nao,nao votou,sim,sim,nao,sim
178984,MiguelHaddad,Miguel Haddad,psdb,SP,sim,sim,sim,sim,sim,sim,sim,sim,sim,nao,sim,sim,nao votou,nao,nao,nao,sim,sim,nao,sim
178985,MiguelLombardi,Miguel Lombardi,pr,SP,sim,sim,sim,sim,sim,sim,sim,sim,sim,nao,sim,sim,nao votou,sim,sim,sim,nao,sim,sim,sim
74787,MiltonMonti,Milton Monti,pr,SP,sim,sim,sim,sim,sim,sim,sim,sim,sim,nao,nao votou,sim,nao votou,sim,sim,sim,nao,sim,sim,sim
74862,MiroTeixeira,Miro Teixeira,pros,RJ,nao votou,nao,nao,sim,nao,nao,nao,nao,nao,sim,nao,sim,sim,nao,nao,nao,sim,sim,nao,sim
74862,MiroTeixeira,Miro Teixeira,rede,RJ,nao,nao votou,nao votou,nao votou,nao votou,nao votou,nao votou,nao votou,nao votou,nao votou,nao votou,nao votou,nao votou,nao votou,nao votou,nao votou,nao votou,nao votou,nao votou,sim
178895,MisaelVarella,Misael Varella,dem,MG,sim,sim,sim,sim,sim,sim,sim,nao,sim,sim,sim,sim,nao,nao votou,sim,sim,sim,sim,sim,sim
160561,MissionarioJoseOlimpio,Missionário José Olimpio,pp,SP,sim,sim,sim,sim,sim,sim,sim,nao,sim,sim,sim,sim,nao votou,nao,nao,sim,sim,sim,sim,sim
178859,MoemaGramacho,Moema Gramacho,pt,BA,nao,sim,sim,nao,nao,nao,nao,nao,nao,nao,nao,sim,sim,sim,sim,sim,nao,nao votou,nao,nao
74457,MoroniTorgan,Moroni Torgan,dem,CE,sim,nao,nao votou,sim,sim,sim,sim,nao,nao,sim,sim,sim,sim,nao,nao,nao,sim,sim,nao,sim
178997,MosesRodrigues,Moses Rodrigues,pps,CE,sim,nao,sim,sim,sim,sim,nao,nao,nao,sim,sim,sim,sim,nao,nao,nao,sim,sim,nao,sim
160567,NelsonMarchezanJunior,Nelson Marchezan Junior,psdb,RS,sim,sim,sim,sim,sim,sim,sim,sim,sim,nao,sim,sim,nao,nao,nao,nao,nao,sim,nao,sim
73553,NelsonMarquezelli,Nelson Marquezelli,ptb,SP,sim,nao,sim,nao votou,sim,sim,sim,sim,sim,sim,sim,sim,nao,sim,sim,nao,nao,sim,sim,sim
73781,NelsonMeurer,Nelson Meurer,pp,PR,sim,sim,sim,sim,sim,sim,sim,sim,nao,sim,sim,sim,sim,sim,sim,sim,nao,sim,sim,sim
178896,NewtonCardosoJr,Newton Cardoso Jr,pmdb,MG,sim,sim,nao,sim,nao votou,nao votou,sim,sim,sim,sim,sim,sim,sim,sim,sim,sim,nao,nao,sim,sim
166401,NilsonLeitao,Nilson Leitão,psdb,MT,sim,nao votou,nao,sim,sim,sim,sim,sim,sim,nao,sim,sim,nao votou,nao votou,nao,sim,sim,sim,nao votou,sim
74352,NilsonPinto,Nilson Pinto,psdb,PA,sim,sim,sim,sim,sim,sim,sim,sim,sim,sim,sim,sim,nao,nao,nao,sim,sim,sim,nao,sim
74359,NiltonCapixaba,Nilton Capixaba,ptb,RO,sim,sim,sim,sim,sim,sim,nao votou,nao votou,sim,nao votou,nao votou,nao votou,sim,sim,nao,sim,nao,sim,sim,sim
178986,NiltoTatto,Nilto Tatto,pt,SP,nao,sim,sim,nao,nao,nao,nao,nao,nao,nao,nao,sim,sim,sim,sim,sim,nao,sim,nao,nao
74752,OdelmoLeao,Odelmo Leão,pp,MG,sim,sim,nao,sim,sim,sim,sim,nao,sim,sim,sim,sim,nao,nao,nao,sim,nao,sim,sim,sim
178868,OdoricoMonteiro,Odorico Monteiro,pt,CE,sim,sim,nao votou,nao votou,nao,nao,nao,nao,nao,nao,nao,sim,sim,sim,sim,sim,nao,sim,sim,nao
74399,OnyxLorenzoni,Onyx Lorenzoni,dem,RS,nao votou,nao votou,nao votou,nao votou,sim,sim,nao votou,nao votou,sim,nao votou,sim,nao votou,nao,nao votou,nao,nao,sim,sim,nao,sim
178987,OrlandoSilva,Orlando Silva,pcdob,SP,nao,nao,sim,nao,nao,nao,nao,nao,nao,sim,nao,sim,sim,sim,sim,nao,nao,sim,nao,nao
73463,OsmarSerraglio,Osmar Serraglio,pmdb,PR,sim,sim,sim,sim,sim,sim,sim,sim,sim,sim,sim,sim,nao votou,nao votou,nao votou,sim,nao votou,nao votou,sim,sim
73692,OsmarTerra,Osmar Terra,pmdb,RS,nao votou,sim,sim,sim,nao,nao,nao votou,nao votou,nao,nao votou,nao votou,nao votou,sim,sim,sim,nao votou,nao,sim,sim,sim
141515,OtavioLeite,Otavio Leite,psdb,RJ,sim,sim,sim,sim,sim,sim,sim,sim,sim,sim,nao,sim,nao,nao,nao,sim,nao,sim,nao votou,sim
160556,PadreJoao,Padre João,pt,MG,nao,sim,sim,nao,nao,nao,nao,nao,nao,nao,nao,sim,sim,nao votou,nao votou,sim,nao,sim,nao,nao
74319,PaesLandim,Paes Landim,ptb,PI,sim,nao votou,sim,sim,sim,sim,sim,sim,sim,sim,nao,sim,nao votou,sim,sim,nao,nao,sim,nao,nao
160642,PastorEurico,Pastor Eurico,psb,PE,nao votou,sim,sim,sim,sim,sim,nao,sim,sim,sim,sim,nao,sim,nao,nao,sim,nao,sim,sim,sim
74095,PauderneyAvelino,Pauderney Avelino,dem,AM,nao votou,nao votou,nao votou,nao votou,sim,sim,sim,sim,sim,sim,sim,sim,nao votou,nao,nao,nao,sim,sim,nao,sim
171617,Paulao,Paulão,pt,AL,nao votou,sim,sim,nao,nao,nao,nao,nao,nao,nao,nao,sim,sim,sim,sim,sim,nao,sim,nao,nao
178860,PauloAzi,Paulo Azi,dem,BA,sim,sim,nao,sim,sim,sim,sim,sim,sim,sim,sim,sim,nao votou,nao votou,sim,sim,sim,sim,nao,sim
74017,PauloFeijo,Paulo Feijó,pr,RJ,sim,sim,nao,sim,sim,sim,nao votou,nao votou,sim,nao votou,sim,nao votou,sim,sim,nao,sim,nao,sim,nao,sim
160517,PauloFoletto,Paulo Foletto,psb,ES,sim,sim,nao,sim,nao,sim,nao,nao,sim,nao,sim,sim,sim,nao,nao,sim,nao,sim,sim,sim
160558,PauloFreire,Paulo Freire,pr,SP,sim,sim,nao votou,nao votou,sim,sim,sim,nao,nao votou,nao,sim,sim,nao votou,nao,nao,sim,nao,sim,nao,sim
74574,PauloMagalhaes,Paulo Magalhães,psd,BA,sim,sim,sim,sim,nao,nao,sim,nao,nao votou,nao,sim,sim,nao,sim,sim,sim,nao,sim,nao,nao
132056,PauloMaluf,Paulo Maluf,pp,SP,nao votou,nao votou,nao votou,sim,sim,sim,sim,nao votou,sim,sim,sim,nao votou,nao votou,sim,sim,sim,nao,nao votou,nao votou,sim
141518,PauloPereiradaSilva,Paulo Pereira da Silva,solidaried,SP,sim,nao votou,nao,sim,sim,sim,nao votou,sim,sim,sim,sim,nao votou,nao votou,nao,nao,sim,sim,sim,sim,sim
74400,PauloPimenta,Paulo Pimenta,pt,RS,nao,nao votou,sim,nao,nao,nao,nao,nao,nao,nao,nao,sim,sim,sim,sim,sim,nao,sim,nao,nao
141488,PauloTeixeira,Paulo Teixeira,pt,SP,nao,nao votou,nao votou,nao,nao,nao,nao,nao,nao,nao,nao,sim,sim,sim,sim,sim,nao,sim,nao,nao
74812,PedroChaves,Pedro Chaves,pmdb,GO,nao votou,sim,sim,sim,sim,sim,sim,sim,sim,sim,sim,sim,nao,sim,sim,sim,nao,sim,sim,sim
178912,PedroCunhaLima,Pedro Cunha Lima,psdb,PB,sim,nao,nao,sim,sim,sim,sim,sim,sim,sim,sim,sim,nao,nao,nao,nao,nao,sim,nao,sim
74449,PedroFernandes,Pedro Fernandes,ptb,MA,nao votou,nao,nao,sim,nao,nao,sim,sim,nao,nao,sim,sim,nao,sim,sim,nao,sim,sim,nao,nao
160604,PedroUczai,Pedro Uczai,pt,SC,nao,nao votou,sim,nao,nao,nao,nao,nao,nao,nao,nao,sim,sim,nao votou,nao votou,sim,nao,sim,nao,nao
178844,PedroVilela,Pedro Vilela,psdb,AL,sim,nao,sim,sim,sim,sim,nao votou,nao votou,sim,nao votou,sim,nao votou,nao votou,nao,nao,nao,sim,sim,nao,sim
141445,PepeVargas,Pepe Vargas,pt,RS,nao,nao votou,nao votou,nao votou,nao votou,nao votou,nao votou,nao votou,nao votou,nao votou,nao votou,nao votou,nao votou,nao votou,nao votou,nao votou,nao votou,nao votou,nao votou,nao
73486,PompeodeMattos,Pompeo de Mattos,pdt,RS,sim,nao votou,sim,sim,nao,nao,nao,nao,nao votou,nao,sim,sim,sim,nao,nao,sim,nao,sim,nao,nao votou
160641,ProfessoraMarcivania,Professora Marcivania,pt,AP,nao,sim,sim,nao,nao,nao,nao,nao,nao,nao,nao,sim,sim,nao votou,nao votou,sim,nao,sim,nao,nao
148134,ProfessorVictorioGalli,Professor Victório Galli,psc,MT,sim,sim,nao,sim,sim,sim,sim,nao,sim,sim,sim,sim,sim,nao,nao,sim,sim,sim,sim,sim
178951,RafaelMotta,Rafael Motta,pros,RN,sim,nao,sim,sim,nao,sim,sim,nao,nao votou,nao,sim,sim,sim,sim,nao votou,sim,nao votou,sim,sim,sim
74216,RaimundoGomesdeMatos,Raimundo Gomes de Matos,psdb,CE,sim,nao votou,sim,sim,sim,sim,nao votou,sim,sim,nao,sim,nao votou,nao votou,nao,nao,sim,nao,sim,sim,sim
178998,RaquelMuniz,Raquel Muniz,psc,MG,sim,sim,nao,sim,sim,sim,sim,nao,sim,sim,sim,sim,sim,nao,nao,sim,nao,sim,sim,sim
74161,ReginaldoLopes,Reginaldo Lopes,pt,MG,nao,nao votou,sim,nao votou,nao,nao,nao,nao,nao votou,nao,nao votou,sim,sim,sim,sim,sim,nao,nao,nao,nao
178960,RemidioMonai,Remídio Monai,pr,RR,nao votou,nao votou,sim,sim,sim,sim,sim,sim,sim,nao,sim,sim,nao,nao votou,sim,sim,nao,sim,sim,sim
178989,RenataAbreu,Renata Abreu,ptn,SP,sim,sim,sim,sim,sim,sim,nao,nao,sim,sim,sim,sim,sim,sim,sim,sim,nao,nao votou,nao,sim
141527,RenatoMolling,Renato Molling,pp,RS,nao votou,sim,nao,nao votou,sim,sim,sim,sim,sim,sim,sim,sim,sim,nao votou,nao,sim,sim,sim,sim,sim
160654,RenzoBraz,Renzo Braz,pp,MG,sim,nao votou,sim,nao votou,sim,sim,sim,sim,nao votou,sim,sim,sim,nao votou,sim,nao,sim,nao,nao votou,sim,sim
73788,RicardoBarros,Ricardo Barros,pp,PR,sim,nao votou,nao votou,nao votou,nao,nao,sim,sim,sim,sim,nao votou,sim,nao votou,sim,sim,nao,nao votou,nao votou,nao,sim
160655,RicardoIzar,Ricardo Izar,psd,SP,sim,nao votou,sim,sim,sim,sim,sim,sim,sim,sim,nao,sim,nao votou,sim,sim,sim,nao,sim,nao,sim
178920,RicardoTeobaldo,Ricardo Teobaldo,ptb,PE,sim,nao votou,nao votou,sim,sim,sim,sim,sim,sim,sim,sim,sim,nao votou,sim,sim,sim,nao,nao votou,sim,nao
141472,RicardoTripoli,Ricardo Tripoli,psdb,SP,sim,sim,nao votou,sim,sim,sim,sim,sim,sim,sim,sim,sim,nao,nao,nao,sim,sim,sim,nao,sim
152610,RobertoAlves,Roberto Alves,prb,SP,nao,sim,sim,sim,sim,sim,sim,nao,nao votou,nao,sim,sim,sim,sim,sim,nao,nao,sim,nao,sim
73674,RobertoBalestra,Roberto Balestra,pp,GO,sim,sim,nao,sim,sim,sim,sim,nao votou,sim,sim,sim,sim,sim,nao,nao votou,sim,sim,sim,nao,sim
141529,RobertoBritto,Roberto Britto,pp,BA,sim,sim,sim,sim,sim,sim,nao votou,sim,sim,sim,sim,sim,nao,sim,sim,sim,nao,sim,sim,nao
178995,RobertoGoes,Roberto Góes,pdt,AP,nao,nao,sim,sim,nao,nao,sim,nao,sim,nao,nao,nao,sim,nao,nao,sim,nao,sim,sim,nao
178944,RobertoSales,Roberto Sales,prb,RJ,nao,sim,sim,sim,sim,sim,sim,nao,sim,nao,nao votou,sim,sim,sim,nao votou,sim,nao,sim,nao,sim
178840,Rocha,Rocha,psdb,AC,sim,sim,nao,sim,sim,sim,sim,sim,sim,sim,sim,sim,nao votou,nao,nao,sim,nao,nao votou,nao,sim
141531,RodrigodeCastro,Rodrigo de Castro,psdb,MG,sim,sim,sim,sim,sim,sim,sim,sim,sim,sim,sim,sim,sim,nao,nao,sim,nao,sim,sim,sim
74693,RodrigoMaia,Rodrigo Maia,dem,RJ,sim,sim,nao votou,sim,sim,sim,sim,sim,sim,sim,sim,sim,nao votou,sim,sim,nao,sim,sim,nao,sim
178926,RodrigoMartins,Rodrigo Martins,psb,PI,nao,nao,sim,sim,nao votou,nao votou,nao,sim,sim,nao,nao,sim,sim,nao,nao,sim,nao,sim,sim,sim
178897,RodrigoPacheco,Rodrigo Pacheco,pmdb,MG,sim,sim,sim,sim,nao votou,nao votou,sim,nao,sim,sim,sim,sim,nao,sim,sim,nao votou,nao votou,sim,nao votou,sim
141535,RogerioMarinho,Rogério Marinho,psdb,RN,sim,sim,sim,sim,nao votou,sim,sim,sim,sim,sim,sim,sim,nao votou,nao,nao,sim,sim,sim,nao,sim
160426,RogerioRosso,Rogério Rosso,psd,DF,sim,sim,nao votou,sim,sim,sim,sim,sim,sim,nao,sim,sim,sim,sim,sim,sim,sim,sim,sim,sim
141536,RomuloGouveia,Rômulo Gouveia,psd,PB,nao,sim,sim,sim,sim,sim,sim,sim,sim,sim,sim,sim,sim,sim,sim,sim,sim,sim,sim,sim
160515,RonaldoBenedet,Ronaldo Benedet,pmdb,SC,sim,sim,sim,sim,sim,sim,sim,nao,sim,sim,sim,sim,sim,sim,sim,sim,sim,sim,sim,sim
178861,RonaldoCarletto,Ronaldo Carletto,pp,BA,sim,sim,sim,sim,sim,sim,sim,sim,sim,sim,sim,sim,nao votou,sim,sim,sim,nao,sim,sim,nao
160637,RonaldoFonseca,Ronaldo Fonseca,pros,DF,sim,sim,nao votou,sim,sim,sim,nao,nao,sim,nao,sim,sim,nao,nao,nao,nao,sim,sim,nao,sim
178845,RonaldoLessa,Ronaldo Lessa,pdt,AL,nao,nao,sim,nao votou,nao,nao,nao votou,nao votou,nao votou,nao,nao,nao votou,sim,nao,nao,sim,sim,sim,sim,nao
122466,RonaldoMartins,Ronaldo Martins,prb,CE,nao,sim,sim,sim,sim,sim,sim,nao,nao,nao,sim,sim,nao,sim,nao,nao,nao,sim,nao,sim
163321,RonaldoNogueira,Ronaldo Nogueira,ptb,RS,sim,sim,sim,sim,sim,sim,sim,sim,nao,nao,nao,sim,nao,nao,nao,nao,nao,sim,nao votou,sim
178870,RoneyNemer,Rôney Nemer,pmdb,DF,nao,sim,sim,sim,sim,sim,sim,nao,sim,sim,sim,nao,sim,nao votou,sim,sim,sim,sim,sim,sim
178945,RosangelaGomes,Rosangela Gomes,prb,RJ,sim,sim,sim,sim,sim,sim,sim,nao,sim,nao,sim,sim,sim,sim,nao,nao,nao,sim,nao,sim
73466,RubensBueno,Rubens Bueno,pps,PR,sim,nao,sim,sim,nao,nao,nao,nao,sim,nao,sim,sim,sim,nao,nao,nao,sim,sim,nao,sim
74371,RubensOtoni,Rubens Otoni,pt,GO,sim,sim,sim,sim,nao,nao,nao,nao,nao votou,nao,nao,sim,sim,sim,sim,sim,nao,sim,nao,nao
178887,RubensPereiraJunior,Rubens Pereira Júnior,pcdob,MA,nao,nao,sim,nao,nao,nao,nao,nao,nao,sim,nao,sim,nao votou,sim,sim,nao,nao,nao votou,nao,nao
160630,SaguasMoraes,Ságuas Moraes,pt,MT,nao,sim,sim,nao,nao,nao,nao,nao,nao,nao,nao votou,sim,sim,sim,nao votou,sim,nao,sim,nao,nao
178990,SamuelMoreira,Samuel Moreira,psdb,SP,sim,sim,sim,sim,sim,sim,nao votou,sim,sim,nao,sim,nao votou,nao,nao,nao,nao,sim,sim,nao,sim
160621,SandroAlex,Sandro Alex,pps,PR,sim,sim,sim,sim,sim,sim,nao,nao,sim,nao,sim,sim,sim,nao,nao,nao,sim,sim,nao,sim
74762,SaraivaFelipe,Saraiva Felipe,pmdb,MG,sim,sim,sim,sim,nao,nao,sim,nao votou,sim,nao votou,sim,sim,sim,sim,sim,sim,nao,sim,sim,sim
74210,SarneyFilho,Sarney Filho,pv,MA,nao votou,nao votou,sim,nao,nao,nao,sim,nao,nao votou,nao,nao,nao votou,sim,sim,sim,sim,sim,nao votou,sim,sim
73808,SergioBrito,Sérgio Brito,psd,BA,sim,sim,sim,sim,sim,sim,sim,nao,sim,sim,sim,sim,nao,sim,sim,sim,sim,sim,sim,nao
141542,SergioMoraes,Sérgio Moraes,ptb,RS,sim,nao votou,nao,sim,sim,sim,sim,sim,nao votou,sim,sim,sim,nao,nao,nao,sim,nao,sim,sim,sim
178991,SergioReis,Sérgio Reis,prb,SP,nao votou,sim,sim,sim,nao votou,nao votou,sim,nao,nao votou,nao,sim,sim,nao votou,sim,sim,nao votou,nao votou,nao votou,nao votou,sim
178933,SergioSouza,Sergio Souza,pmdb,PR,sim,sim,sim,sim,sim,sim,sim,sim,sim,sim,sim,sim,sim,sim,sim,nao,sim,nao votou,nao,sim
178874,SergioVidigal,Sergio Vidigal,pdt,ES,sim,nao votou,sim,sim,nao,nao,nao,nao,sim,nao,nao,sim,sim,nao,nao,nao votou,nao votou,sim,nao votou,sim
160612,SergioZveiter,Sergio Zveiter,psd,RJ,nao votou,nao votou,nao votou,sim,nao votou,nao votou,nao votou,nao votou,sim,nao votou,nao votou,nao votou,sim,sim,sim,sim,nao,sim,sim,sim
178961,Sheridan,Shéridan,psdb,RR,sim,sim,nao votou,sim,sim,sim,sim,sim,sim,sim,nao votou,sim,sim,nao,nao,nao votou,nao votou,sim,nao votou,sim
160613,SibaMachado,Sibá Machado,pt,AC,sim,nao votou,nao votou,nao,nao,nao,nao,nao,nao,nao,nao,sim,sim,sim,sim,sim,nao,sim,nao,nao
74356,SilasCamara,Silas Câmara,psd,AM,sim,sim,nao,sim,nao votou,nao votou,sim,sim,nao votou,nao,sim,sim,nao votou,sim,sim,sim,nao,sim,sim,sim
4930,SilvioCosta,Silvio Costa,psc,PE,sim,sim,sim,nao,nao,nao,sim,sim,sim,nao,sim,sim,nao,sim,sim,nao,nao,sim,nao,nao
73560,SilvioTorres,Silvio Torres,psdb,SP,sim,sim,sim,sim,sim,sim,sim,sim,sim,nao,sim,sim,nao votou,nao,nao,sim,nao,sim,nao votou,sim
178911,SimoneMorgado,Simone Morgado,pmdb,PA,sim,sim,sim,sim,nao,nao,nao,nao,nao votou,nao,sim,sim,sim,sim,sim,sim,nao,sim,sim,nao
178946,SorayaSantos,Soraya Santos,pmdb,RJ,nao votou,nao votou,sim,sim,sim,sim,sim,sim,sim,sim,sim,sim,sim,sim,sim,nao votou,nao votou,sim,nao votou,sim
178947,SostenesCavalcante,Sóstenes Cavalcante,psd,RJ,sim,sim,nao,sim,sim,sim,sim,sim,nao,sim,sim,sim,sim,nao,nao,sim,sim,sim,nao,sim
92776,StefanoAguiar,Stefano Aguiar,psb,MG,sim,nao votou,nao,sim,sim,sim,sim,sim,sim,sim,nao,sim,nao votou,nao,nao,sim,nao,sim,sim,sim
177282,SubtenenteGonzaga,Subtenente Gonzaga,pdt,MG,nao,nao,sim,sim,nao,sim,nao,nao,nao,nao,nao votou,sim,sim,nao,nao,sim,nao,sim,sim,sim
178922,TadeuAlencar,Tadeu Alencar,psb,PE,nao,nao votou,nao,nao,nao,nao,nao,nao,nao,nao,nao,sim,sim,sim,nao,sim,nao,sim,sim,sim
74385,Takayama,Takayama,psc,PR,nao votou,sim,sim,sim,nao votou,sim,nao votou,nao votou,nao votou,nao votou,nao votou,nao votou,nao votou,nao votou,nao votou,nao votou,nao votou,nao votou,nao votou,sim
178898,TenenteLucio,Tenente Lúcio,psb,MG,nao,sim,nao,sim,nao,nao,sim,sim,sim,nao,nao,sim,sim,nao,sim,sim,sim,sim,sim,sim
178901,TerezaCristina,Tereza Cristina,psb,MS,sim,nao,nao,sim,nao,sim,sim,nao votou,sim,nao votou,sim,sim,sim,sim,sim,sim,nao,sim,sim,sim
160617,ThiagoPeixoto,Thiago Peixoto,psd,GO,sim,nao votou,nao votou,nao votou,nao votou,nao votou,nao votou,nao votou,nao votou,nao votou,nao votou,nao votou,nao votou,nao votou,nao votou,nao votou,nao votou,nao votou,nao votou,sim
178862,TiaEron,Tia Eron,prb,BA,sim,sim,sim,nao votou,sim,sim,sim,nao,sim,nao,sim,sim,sim,sim,nao,nao,nao,sim,nao,sim
160976,Tiririca,Tiririca,pr,SP,sim,sim,sim,sim,sim,sim,sim,sim,nao,nao,sim,sim,sim,sim,nao,sim,nao,sim,sim,sim
160611,ToninhoPinheiro,Toninho Pinheiro,pp,MG,sim,sim,sim,sim,sim,sim,sim,sim,sim,sim,sim,sim,nao votou,sim,sim,sim,nao,sim,sim,sim
178934,ToninhoWandscheer,Toninho Wandscheer,pt,PR,sim,nao,sim,sim,nao,nao votou,nao,nao,nao,nao,nao votou,sim,sim,sim,sim,sim,nao,nao votou,sim,sim
178863,UlduricoJunior,Uldurico Junior,ptc,BA,sim,sim,sim,sim,nao,nao,sim,nao,nao,nao,nao,sim,nao votou,sim,nao,nao,nao,nao votou,sim,sim
141384,ValadaresFilho,Valadares Filho,psb,SE,nao,sim,sim,sim,nao,sim,sim,nao,nao votou,nao,nao,sim,sim,nao,nao,nao votou,nao votou,sim,nao votou,sim
74010,ValdirColatto,Valdir Colatto,pmdb,SC,sim,sim,nao,sim,sim,sim,nao votou,nao votou,sim,nao votou,sim,nao votou,sim,sim,sim,sim,nao,sim,nao,sim
113247,ValmirPrascidelli,Valmir Prascidelli,pt,SP,sim,sim,nao votou,nao,nao,nao,nao,nao,nao,nao,nao,sim,sim,sim,sim,sim,nao,nao votou,nao,nao
141552,ValtenirPereira,Valtenir Pereira,pros,MT,sim,sim,sim,nao,sim,sim,nao,nao,sim,nao,nao votou,sim,sim,sim,sim,nao,nao,sim,nao,nao
141553,VanderleiMacris,Vanderlei Macris,psdb,SP,sim,sim,sim,sim,sim,sim,sim,sim,nao votou,nao,sim,sim,nao votou,nao votou,nao,sim,nao,sim,nao,sim
74376,VanderLoubet,Vander Loubet,pt,MS,nao,nao votou,sim,sim,nao,nao votou,nao,nao,nao,nao,nao votou,sim,nao votou,sim,sim,sim,nao,nao votou,sim,nao
178913,VenezianoVitaldoRego,Veneziano Vital do Rêgo,pmdb,PB,nao,sim,sim,nao votou,sim,sim,sim,sim,sim,sim,sim,sim,sim,nao,sim,sim,nao,sim,sim,sim
74308,VicenteArruda,Vicente Arruda,pros,CE,sim,sim,sim,nao,nao votou,nao votou,nao votou,nao votou,nao votou,nao votou,nao votou,nao votou,nao votou,nao votou,nao votou,nao votou,nao votou,nao votou,nao votou,nao
160622,VicenteCandido,Vicente Candido,pt,SP,sim,nao votou,nao votou,nao votou,nao,nao,nao,nao,nao,nao,nao,sim,sim,sim,sim,sim,nao,nao votou,nao,nao
74283,Vicentinho,Vicentinho,pt,SP,nao,sim,sim,nao,nao,nao,nao,nao,nao,nao,nao,sim,sim,sim,sim,sim,nao,sim,nao,nao
137070,VicentinhoJunior,Vicentinho Júnior,psb,TO,nao,nao votou,nao votou,sim,sim,sim,sim,sim,sim,nao,sim,sim,nao,sim,sim,sim,nao,sim,sim,nao
178888,VictorMendes,Victor Mendes,pv,MA,sim,nao,sim,sim,nao votou,nao votou,sim,nao,sim,sim,nao,sim,sim,sim,sim,sim,nao,sim,nao,sim
141555,ViniciusCarvalho,Vinicius Carvalho,prb,SP,nao,sim,sim,sim,sim,sim,sim,nao,sim,nao,sim,sim,nao,sim,sim,nao,nao,sim,nao,sim
160591,ViniciusGurgel,Vinicius Gurgel,pr,AP,nao votou,sim,nao votou,sim,sim,sim,sim,sim,sim,nao,nao votou,sim,nao,nao votou,sim,sim,nao,nao votou,nao,nao votou
178992,VitorLippi,Vitor Lippi,psdb,SP,sim,sim,sim,sim,sim,sim,sim,sim,sim,nao,sim,sim,sim,nao,nao,sim,nao,sim,nao,sim
178869,VitorValim,Vitor Valim,pmdb,CE,sim,sim,sim,sim,sim,sim,sim,nao,nao,sim,nao votou,sim,sim,nao,nao,sim,sim,sim,sim,sim
189593,WadihDamous,Wadih Damous,pt,RJ,nao,sim,nao,nao,nao,nao,nao,nao,nao votou,nao,nao votou,sim,sim,nao votou,nao votou,sim,nao,sim,nao,nao
160569,WaldenorPereira,Waldenor Pereira,pt,BA,nao,sim,nao votou,nao votou,nao,nao,nao,nao,nao,nao,nao,sim,sim,sim,sim,sim,nao,sim,nao,nao
141558,WaldirMaranhao,Waldir Maranhão,pp,MA,nao votou,sim,sim,nao votou,nao,sim,sim,sim,nao votou,sim,nao votou,sim,nao votou,sim,sim,nao votou,nao votou,nao votou,nao votou,nao
178952,WalterAlves,Walter Alves,pmdb,RN,sim,sim,sim,sim,sim,sim,sim,sim,sim,sim,sim,sim,nao votou,sim,sim,sim,sim,sim,sim,sim
160620,WashingtonReis,Washington Reis,pmdb,RJ,sim,nao votou,sim,nao votou,nao,nao,nao votou,sim,sim,sim,sim,nao votou,sim,sim,sim,nao votou,nao votou,sim,nao votou,sim
160518,WelitonPrado,Weliton Prado,pt,MG,nao,sim,sim,sim,sim,sim,nao votou,nao votou,nao,nao votou,nao,nao votou,nao votou,nao,nao,nao votou,nao votou,nao votou,nao votou,sim
74043,WellingtonRoberto,Wellington Roberto,pr,PB,sim,nao votou,sim,sim,sim,nao votou,sim,sim,sim,nao,nao votou,sim,sim,sim,sim,sim,nao,sim,sim,nao
167493,WevertonRocha,Weverton Rocha,pdt,MA,nao votou,nao votou,sim,sim,nao,nao,nao,nao,sim,nao,nao,sim,sim,nao,nao,sim,nao,sim,sim,nao
160636,WilsonFilho,Wilson Filho,ptb,PB,sim,nao,sim,nao votou,sim,sim,sim,nao votou,sim,sim,nao,sim,sim,sim,sim,sim,sim,sim,sim,sim
73930,WladimirCosta,Wladimir Costa,solidaried,PA,nao votou,nao votou,sim,nao votou,nao votou,nao votou,nao votou,nao votou,nao votou,nao votou,nao votou,nao votou,nao votou,nao votou,nao votou,nao votou,nao votou,nao votou,nao votou,sim
74439,WolneyQueiroz,Wolney Queiroz,pdt,PE,nao,nao votou,sim,sim,nao,nao,nao,nao,nao,nao,nao,sim,nao votou,nao,nao,nao,nao,sim,sim,nao
178923,ZecaCavalcanti,Zeca Cavalcanti,ptb,PE,sim,sim,sim,sim,sim,sim,sim,sim,nao,sim,sim,sim,nao votou,sim,sim,sim,nao,nao votou,sim,nao
160592,ZecaDirceu,Zeca Dirceu,pt,PR,nao,nao votou,sim,nao,nao,nao,nao,nao,nao,nao,nao,nao,sim,sim,sim,sim,nao,sim,nao,nao
178889,ZeCarlos,Zé Carlos,pt,MA,nao votou,sim,nao,nao,nao,nao,nao,nao,nao,nao,nao,sim,sim,nao votou,nao votou,sim,nao,sim,nao,nao
73931,ZeGeraldo,Zé Geraldo,pt,PA,nao,nao votou,sim,nao,nao,nao,nao,nao,nao,nao,nao,sim,sim,sim,sim,sim,nao,sim,nao,nao
178949,ZenaideMaia,Zenaide Maia,pr,RN,nao,sim,sim,sim,nao,nao,sim,sim,nao votou,nao,nao,sim,sim,sim,sim,sim,nao,sim,sim,nao
160632,ZeSilva,Zé Silva,solidaried,MG,sim,sim,sim,sim,sim,sim,sim,sim,sim,sim,sim,sim,sim,nao,nao,sim,nao,sim,sim,sim
178957,AbelMesquitaJr,NA,pdt,RR,nao,nao,nao votou,sim,nao,sim,sim,sim,sim,nao,sim,sim,sim,nao,nao,sim,nao,sim,sim,sim
133374,AdemirCamilo,NA,pros,MG,sim,sim,sim,sim,sim,sim,nao,nao,nao,sim,sim,sim,nao,nao votou,nao,sim,nao,sim,sim,NA
133439,AndreFigueiredo,NA,pdt,CE,nao votou,nao votou,sim,sim,nao,nao,nao,nao,sim,nao,nao votou,sim,sim,nao,nao,nao votou,nao votou,sim,nao votou,NA
74213,AntonioBalhmann,NA,pros,CE,nao votou,nao votou,nao votou,nao votou,sim,sim,nao,sim,sim,nao,nao votou,sim,nao,sim,sim,nao votou,nao votou,sim,nao votou,sim
73584,AntonioCarlosMendesThame,NA,psdb,SP,sim,sim,sim,sim,nao votou,nao votou,sim,sim,nao votou,nao,nao votou,sim,sim,nao votou,nao,nao,nao,sim,nao,NA
105112,CabucuBorges,NA,pmdb,AP,sim,nao votou,sim,sim,nao votou,sim,sim,sim,sim,sim,sim,sim,nao votou,sim,sim,sim,sim,nao votou,sim,sim
74474,CarlosEduardoCadoca,NA,pcdob,PE,nao,nao,sim,nao,nao,nao,nao,nao,sim,sim,nao,sim,sim,sim,sim,nao,sim,nao votou,nao,NA
73568,CelsoJacob,NA,pmdb,RJ,sim,sim,sim,sim,sim,sim,sim,sim,sim,sim,sim,sim,sim,sim,sim,nao votou,nao votou,sim,nao votou,NA
141439,ChicoDAngelo,NA,pt,RJ,nao,sim,sim,nao,nao,nao,nao,nao,nao,nao,nao,sim,sim,sim,sim,sim,nao,sim,nao,nao
178848,ConceicaoSampaio,NA,pp,AM,nao,sim,nao,nao votou,nao,nao,sim,nao,sim,sim,sim,sim,sim,nao,nao,sim,sim,sim,sim,sim
185500,DeoclidesMacedo,NA,pdt,MA,nao votou,nao votou,nao votou,nao votou,nao votou,nao votou,nao votou,nao votou,sim,nao votou,nao votou,nao votou,nao votou,nao votou,nao votu,nao votou,nao votou,nao votou,nao votou,NA
178940,DrJoao,NA,pr,RJ,sim,sim,nao,sim,sim,sim,sim,sim,sim,nao,sim,sim,nao votou,sim,sim,sim,nao,sim,nao,sim
160643,DrJorgeSilva,NA,pros,ES,nao,sim,sim,sim,nao,sim,nao,nao,sim,nao,sim,sim,nao,sim,sim,sim,nao,sim,sim,sim
178830,DrSinvalMalheiros,NA,pv,SP,sim,sim,nao votou,sim,nao,sim,sim,nao,nao votou,nao,nao,sim,sim,nao,nao,nao votou,nao votou,sim,nao votou,sim
73793,EdinhoBez,NA,pmdb,SC,sim,nao,sim,sim,sim,sim,sim,nao votou,sim,sim,sim,sim,nao,nao votou,sim,sim,sim,sim,nao votou,NA
160578,EdmarArruda,NA,psc,PR,nao votou,sim,nao,sim,sim,sim,sim,nao,nao votou,sim,nao votou,sim,nao votou,nao,sim,sim,sim,nao votou,sim,NA
178904,EzequielFonseca,NA,pp,MT,nao,sim,sim,sim,sim,sim,sim,sim,sim,sim,sim,sim,sim,sim,sim,sim,nao,sim,sim,sim
146829,FabianoHorta,NA,pt,RJ,nao votou,nao votou,nao votou,nao votou,nao votou,nao votou,nao votou,nao votou,nao,nao votou,nao,nao votou,nao votou,sim,sim,nao votou,nao votou,nao votou,nao votou,NA
190149,FabricioOliveira,NA,psb,SC,nao,sim,sim,sim,nao votou,nao votou,nao votou,nao votou,nao votou,nao votou,nao votou,nao votou,nao votou,nao votou,nao votou,nao votou,nao votou,nao votou,nao votou,NA
160666,FelixMendoncaJunior,NA,pdt,BA,sim,sim,sim,sim,nao,nao,nao,nao,sim,nao,sim,sim,sim,nao,nao,sim,nao,sim,sim,nao
73481,FernandoMarroni,NA,pt,RS,nao votou,sim,sim,nao,nao,nao,nao,nao,nao,nao,nao,sim,sim,sim,sim,sim,nao,sim,nao,NA
92699,FernandoMonteiro,NA,pp,PE,sim,sim,sim,nao,sim,sim,sim,sim,sim,sim,sim,sim,nao votou,nao votou,sim,sim,nao votou,sim,sim,NA
191923,FlavioNogueira,NA,pdt,PI,sim,nao votou,nao votou,nao votou,nao votou,nao votou,nao votou,nao votou,nao votou,nao votou,nao votou,nao votou,nao votou,nao votou,nao voto,nao votou,nao votou,nao votou,nao votou,NA
178959,HiranGoncalves,NA,pmn,RR,sim,nao votou,sim,sim,sim,sim,sim,nao,sim,sim,sim,sim,sim,sim,sim,nao,nao,nao,nao,sim
131966,JoseFogaca,NA,pmdb,RS,sim,sim,sim,sim,nao,nao,nao,nao,sim,nao,nao,sim,nao votou,nao,nao,nao,nao,sim,nao,sim
151965,JoseMaiaFilho,NA,solidaried,PI,nao votou,nao votou,nao votou,nao votou,nao,nao,sim,sim,nao votou,sim,nao votou,sim,sim,nao votou,nao votou,sim,nao votou,sim,sim,NA
178851,JoziRocha,NA,ptb,AP,nao votou,nao votou,nao votou,nao,sim,sim,sim,sim,sim,sim,sim,sim,sim,sim,sim,sim,nao,sim,sim,nao
178918,KaioManicoba,NA,phs,PE,sim,sim,sim,sim,nao,sim,sim,sim,sim,sim,sim,sim,nao,nao votou,nao,sim,nao,sim,nao,sim
141483,LindomarGarcon,NA,pmdb,RO,nao votou,nao,sim,nao votou,nao votou,sim,sim,sim,sim,sim,sim,sim,nao votou,sim,sim,sim,sim,nao votou,sim,sim
74277,LobbeNeto,NA,psdb,SP,sim,sim,sim,sim,sim,sim,nao votou,nao votou,sim,nao votou,nao votou,nao votou,sim,nao,nao,nao,sim,sim,nao,NA
151965,Mainha,NA,solidaried,PI,nao,nao votou,sim,sim,nao votou,nao votou,nao votou,nao votou,nao votou,nao votou,nao votou,nao votou,nao votou,nao votou,nao votou,nao votou,nao votou,nao votou,nao votou,NA
160660,MarceloAguiar,NA,dem,SP,sim,sim,nao,sim,sim,sim,sim,sim,nao votou,sim,sim,sim,nao votou,sim,sim,sim,sim,sim,nao,NA
178858,MarioNegromonteJr,NA,pp,BA,sim,nao votou,sim,sim,sim,sim,sim,sim,sim,sim,sim,nao votou,sim,sim,sim,sim,nao,sim,sim,nao votou
181315,MarquinhoMendes,NA,pmdb,RJ,sim,nao votou,sim,sim,sim,sim,sim,sim,sim,sim,sim,sim,sim,sim,sim,sim,sim,sim,sim,NA
74428,MendoncaFilho,NA,dem,PE,sim,sim,nao votou,sim,sim,sim,sim,sim,nao votou,sim,sim,nao,nao votou,nao,nao,nao,sim,sim,nao,sim
188097,MerlongSolano,NA,pt,PI,nao votou,nao votou,nao votou,nao votou,nao votou,nao votou,nao votou,nao votou,nao,nao votou,nao votou,nao votou,nao votou,nao votou,sim,nao votou,nao votou,nao votou,nao votou,NA
180545,OsmarBertoldi,NA,dem,PR,nao votou,nao votou,nao votou,nao votou,nao votou,nao votou,nao votou,nao votou,sim,nao votou,sim,nao votou,nao votou,nao,nao,nao votou,nao votou,nao votou,nao votou,NA
186775,PastorFranklin,NA,ptdob,MG,sim,sim,sim,sim,sim,sim,sim,nao,sim,nao,sim,sim,nao,sim,nao,sim,nao,nao votou,nao,NA
141516,PauloAbiAckel,NA,psdb,MG,sim,sim,sim,nao votou,sim,sim,sim,sim,sim,sim,sim,sim,nao,nao,nao,sim,nao,sim,nao,sim
80920,Penna,NA,pv,SP,nao votou,nao votou,sim,nao,sim,nao,sim,nao,nao votou,nao,nao votou,sim,sim,nao votou,nao votou,sim,sim,sim,nao,NA
160601,PrMarcoFeliciano,NA,psc,SP,sim,nao votou,nao,sim,sim,sim,sim,nao,nao,sim,sim,sim,sim,nao votou,nao votou,nao,sim,sim,sim,sim
160639,ProfessoraDorinhaSeabraRezende,NA,dem,TO,sim,nao votou,sim,sim,nao,nao,sim,nao,nao,nao,sim,sim,sim,nao,nao,sim,sim,sim,sim,sim
74048,RaulJungmann,NA,pps,PE,nao votou,nao votou,sim,sim,nao,nao,nao,nao votou,sim,nao votou,nao,nao,nao votou,nao,nao,nao,nao,nao votou,nao,NA
73805,RobertoFreire,NA,pps,SP,nao votou,sim,sim,sim,nao,nao,nao,nao,sim,nao,sim,sim,sim,nao votou,nao,nao,nao,nao votou,nao,NA
160651,RogerioPeninhaMendonca,NA,pmdb,SC,sim,nao,sim,sim,sim,sim,sim,sim,sim,sim,sim,sim,nao,sim,sim,sim,nao,sim,sim,sim
178935,Rossoni,NA,psdb,PR,sim,sim,sim,sim,sim,sim,sim,sim,sim,sim,sim,sim,sim,nao,nao,sim,nao,sim,sim,NA
74372,SandesJunior,NA,pp,GO,nao votou,sim,sim,sim,sim,sim,sim,nao,sim,sim,sim,sim,sim,sim,nao,sim,sim,sim,sim,NA
74765,SilasBrasileiro,NA,pmdb,MG,sim,sim,sim,sim,nao votou,sim,nao votou,nao votou,sim,nao votou,sim,nao votou,nao,nao votou,nao votou,sim,sim,sim,sim,NA
187008,SilasFreire,NA,pr,PI,nao,sim,sim,sim,sim,sim,nao,sim,nao,nao,nao,sim,sim,sim,sim,sim,nao,sim,nao,NA
73424,SimaoSessim,NA,pp,RJ,sim,nao votou,nao votou,nao votou,sim,sim,nao votou,nao votou,sim,nao votou,sim,nao votou,nao votou,sim,sim,nao votou,nao votou,nao votou,nao votou,sim
160610,ValmirAssuncao,NA,pt,BA,nao,sim,sim,nao,nao,nao,nao,nao,nao,nao,nao,sim,sim,sim,sim,sim,nao,sim,nao,NA
137853,WadsonRibeiro,NA,pcdob,MG,nao,nao,sim,nao,nao,nao,nao,nao,nao,sim,nao,sim,sim,sim,sim,nao,nao,sim,nao,NA
160631,WalneyRocha,NA,ptb,RJ,sim,nao,nao,sim,sim,sim,sim,sim,sim,sim,sim,sim,nao,nao,nao,sim,nao,sim,sim,NA
141560,WalterIhoshi,NA,psd,SP,nao votou,sim,nao votou,sim,sim,sim,sim,sim,sim,nao,sim,sim,nao,sim,sim,nao,nao,sim,nao,NA
141563,WilliamWoo,NA,pv,SP,nao votou,nao votou,nao votou,nao votou,nao votou,nao votou,nao votou,nao votou,sim,nao votou,nao,nao votou,nao votou,sim,nao,nao votou,nao votou,nao votou,nao votou,NA
178902,ZecadoPt,NA,pt,MS,nao,sim,sim,nao,nao votou,nao votou,nao,nao,nao,nao,nao,sim,nao votou,sim,sim,sim,nao,nao votou,sim,nao
